case,patch_index,patch_kind,action,probability_mse,probability_mae,logits_mse,mask_dice_vs_real,mask_iou_vs_real,predicted_skip_count
CYST_PA62.nii.gz,0,context,gamma,0.0,0.0,0.9462916254997253,0.0,0.0,6
CYST_PA62.nii.gz,0,context,blur,0.0,0.0,6.839605808258057,0.0,0.0,6
CYST_PA62.nii.gz,1,context,gamma,0.0021038055419921875,0.00514984130859375,0.7982233166694641,0.9234164357185364,0.8577285408973694,6
CYST_PA62.nii.gz,1,context,blur,0.01015472412109375,0.0156707763671875,2.0995430946350098,0.7551640272140503,0.6066373586654663,6
CYST_PA62.nii.gz,2,foreground,gamma,0.001575469970703125,0.0042877197265625,0.23661205172538757,0.932317852973938,0.8732166886329651,6
CYST_PA62.nii.gz,2,foreground,blur,0.007251739501953125,0.01352691650390625,5.405641555786133,0.8154692649841309,0.6884323954582214,6
CYST_PA62.nii.gz,3,context_fill,gamma,0.0,0.0,1.2888754606246948,0.0,0.0,6
CYST_PA62.nii.gz,3,context_fill,blur,0.0,0.0,9.230257987976074,0.0,0.0,6
HEM_PA29.nii.gz,0,context,gamma,0.0,0.0,0.8711285591125488,0.0,0.0,6
HEM_PA29.nii.gz,0,context,blur,0.0,0.0,15.07289981842041,0.0,0.0,6
HEM_PA29.nii.gz,1,context,gamma,0.0,0.0,1.8834550380706787,0.0,0.0,6
HEM_PA29.nii.gz,1,context,blur,0.0,0.0,49.86781692504883,0.0,0.0,6
HEM_PA29.nii.gz,2,foreground,gamma,0.0028247833251953125,0.007793426513671875,2.236722469329834,0.9264386296272278,0.8629583120346069,6
HEM_PA29.nii.gz,2,foreground,blur,0.0121917724609375,0.0196685791015625,3.4569690227508545,0.7995538115501404,0.6660471558570862,6
HEM_PA29.nii.gz,3,foreground,gamma,0.003261566162109375,0.00894927978515625,0.7167399525642395,0.8530349731445312,0.7437323331832886,6
HEM_PA29.nii.gz,3,foreground,blur,0.01123809814453125,0.0191497802734375,2.512223482131958,0.5948525071144104,0.4233381152153015,6
HEP_PA28.nii.gz,0,context,gamma,0.0003616809844970703,0.0009784698486328125,0.19512568414211273,0.9786246418952942,0.958143949508667,6
HEP_PA28.nii.gz,0,context,blur,0.00186920166015625,0.00321197509765625,5.772764682769775,0.9316542148590088,0.8720530271530151,6
HEP_PA28.nii.gz,1,context,gamma,5.179643630981445e-05,0.00010728836059570312,5.569607257843018,0.9582388401031494,0.9198258519172668,6
HEP_PA28.nii.gz,1,context,blur,0.0030078887939453125,0.0033626556396484375,147.6822052001953,0.4279772937297821,0.27224624156951904,6
HEP_PA28.nii.gz,2,foreground,gamma,0.0046234130859375,0.00966644287109375,6.365566253662109,0.865647554397583,0.7631204128265381,6
HEP_PA28.nii.gz,2,foreground,blur,0.00948333740234375,0.015228271484375,5.489342212677002,0.7250790596008301,0.5687246918678284,6
HEP_PA28.nii.gz,3,foreground,gamma,0.002964019775390625,0.005756378173828125,0.9303773045539856,0.8948100805282593,0.8096437454223633,6
HEP_PA28.nii.gz,3,foreground,blur,0.00789642333984375,0.01183319091796875,5.853281497955322,0.8101660013198853,0.6809067726135254,6
HEM_PA107.nii.gz,0,context,gamma,0.0,0.0,1.3192214965820312,0.0,0.0,6
HEM_PA107.nii.gz,0,context,blur,0.0,0.0,4.828343868255615,0.0,0.0,6
HEM_PA107.nii.gz,1,context,gamma,0.00043082237243652344,0.0017328262329101562,0.19198082387447357,0.9749970436096191,0.9512138366699219,6
HEM_PA107.nii.gz,1,context,blur,0.0031261444091796875,0.005947113037109375,1.2097594738006592,0.9051757454872131,0.8267771601676941,6
HEM_PA107.nii.gz,2,foreground,gamma,0.0014896392822265625,0.004154205322265625,0.2921605706214905,0.9266753792762756,0.8633691072463989,6
HEM_PA107.nii.gz,2,foreground,blur,0.01088714599609375,0.015167236328125,1.8883618116378784,0.6309179067611694,0.46083274483680725,6
HEM_PA107.nii.gz,3,context_fill,gamma,0.0,0.0,0.7032259106636047,0.0,0.0,6
HEM_PA107.nii.gz,3,context_fill,blur,0.0,0.0,4.545234203338623,0.0,0.0,6
HEM_PA81.nii.gz,0,context,gamma,0.0,0.0,0.731048583984375,0.0,0.0,6
HEM_PA81.nii.gz,0,context,blur,0.0,0.0,8.092001914978027,0.0,0.0,6
HEM_PA81.nii.gz,1,context,gamma,0.0,0.0,1.4466882944107056,0.0,0.0,6
HEM_PA81.nii.gz,1,context,blur,0.006969451904296875,0.007476806640625,694.74462890625,0.0,0.0,6
HEM_PA81.nii.gz,2,foreground,gamma,0.00817108154296875,0.01474761962890625,4.2786641120910645,0.8771214485168457,0.7811365723609924,6
HEM_PA81.nii.gz,2,foreground,blur,0.0077972412109375,0.013763427734375,2.0207297801971436,0.8588622212409973,0.752636730670929,6
HEM_PA81.nii.gz,3,foreground,gamma,0.0009069442749023438,0.00243377685546875,0.31321731209754944,0.9710558652877808,0.9437400698661804,6
HEM_PA81.nii.gz,3,foreground,blur,0.0031909942626953125,0.006313323974609375,4.707524299621582,0.9253343939781189,0.8610440492630005,6
HEM_PA89.nii.gz,0,context,gamma,0.00019550323486328125,0.0004296302795410156,0.3729078471660614,0.9635074734687805,0.9295845627784729,6
HEM_PA89.nii.gz,0,context,blur,0.001834869384765625,0.002384185791015625,19.10941505432129,0.7898814678192139,0.6527307033538818,6
HEM_PA89.nii.gz,1,context,gamma,0.001102447509765625,0.0029010772705078125,0.20775540173053741,0.9435190558433533,0.8930771946907043,6
HEM_PA89.nii.gz,1,context,blur,0.004302978515625,0.00742340087890625,1.8755431175231934,0.858335554599762,0.7518282532691956,6
HEM_PA89.nii.gz,2,foreground,gamma,0.002620697021484375,0.00604248046875,0.6599571704864502,0.9153677225112915,0.8439429402351379,6
HEM_PA89.nii.gz,2,foreground,blur,0.006542205810546875,0.01154327392578125,5.659802436828613,0.8450574278831482,0.7316878437995911,6
HEM_PA89.nii.gz,3,foreground,gamma,0.000568389892578125,0.002391815185546875,0.18914689123630524,0.9623653292655945,0.9274606704711914,6
HEM_PA89.nii.gz,3,foreground,blur,0.007720947265625,0.0121002197265625,1.620583415031433,0.7574570178985596,0.6096022129058838,6
HEM_PA101.nii.gz,0,context,gamma,0.0,0.0,1.0045853853225708,0.0,0.0,6
HEM_PA101.nii.gz,0,context,blur,0.0,0.0,48.92603302001953,0.0,0.0,6
HEM_PA101.nii.gz,1,context,gamma,0.0,0.0,0.47858691215515137,0.0,0.0,6
HEM_PA101.nii.gz,1,context,blur,0.0,0.0,3.1674370765686035,0.0,0.0,6
HEM_PA101.nii.gz,2,foreground,gamma,0.0037670135498046875,0.00853729248046875,5.841630935668945,0.9147807359695435,0.8429455757141113,6
HEM_PA101.nii.gz,2,foreground,blur,0.008209228515625,0.01268768310546875,1.5880775451660156,0.8402491211891174,0.7245082855224609,6
HEM_PA101.nii.gz,3,foreground,gamma,0.0007338523864746094,0.0024890899658203125,0.2356739640235901,0.9594306945800781,0.9220248460769653,6
HEM_PA101.nii.gz,3,foreground,blur,0.00885772705078125,0.01390838623046875,4.415749549865723,0.7834659218788147,0.6440147161483765,6
HCC_10020116_20180118.nii.gz,0,context,gamma,0.00021123886108398438,0.0003325939178466797,16.05718994140625,0.8805298209190369,0.7865594625473022,6
HCC_10020116_20180118.nii.gz,0,context,blur,0.0027599334716796875,0.0030040740966796875,85.76847076416016,0.2540532946586609,0.14551034569740295,6
HCC_10020116_20180118.nii.gz,1,context,gamma,0.0002510547637939453,0.00089263916015625,0.604324221611023,0.9700793027877808,0.9418970942497253,6
HCC_10020116_20180118.nii.gz,1,context,blur,0.0016632080078125,0.002910614013671875,0.8938419818878174,0.9023987650871277,0.8221553564071655,6
HCC_10020116_20180118.nii.gz,2,foreground,gamma,0.0005092620849609375,0.0018548965454101562,0.11138137429952621,0.9682775139808655,0.9385058283805847,6
HCC_10020116_20180118.nii.gz,2,foreground,blur,0.004642486572265625,0.00818634033203125,1.983516812324524,0.8468084931373596,0.7343173027038574,6
HCC_10020116_20180118.nii.gz,3,foreground,gamma,0.00036215782165527344,0.0014772415161132812,0.105634406208992,0.9724776744842529,0.9464297294616699,6
HCC_10020116_20180118.nii.gz,3,foreground,blur,0.00417327880859375,0.00738525390625,3.3714215755462646,0.8589940667152405,0.7528392672538757,6
