variant,order,step,case,case_count,patch_count,tp,fp,tn,fn,dice,precision,recall,delta_dice_vs_A_init,delta_precision_vs_A_init,delta_recall_vs_A_init
A0_confidence_rank,forward,4,CYST_PA62.nii.gz,1,2,214749,27814,13764715,148498,0.7089648569683564,0.8853328825913268,0.5911927696581114,-0.00030305914435102554,0.0005657063119794969,-0.0006744721910986184
A0_confidence_rank,forward,4,HEM_PA107.nii.gz,1,2,202647,10253,13904206,38670,0.8922915698884013,0.9518412400187881,0.8397543480152663,-0.00016481871134654824,0.0002846499693264226,-0.0005138469316292582
A0_confidence_rank,forward,4,HEM_PA29.nii.gz,1,2,343353,6265,13614080,192078,0.7758960238359685,0.9820804420825014,0.6412647007737692,-0.0012333687044290276,0.0002782282371284195,-0.0018060216909367988
A0_confidence_rank,forward,4,HEP_PA28.nii.gz,1,2,205435,174545,13574967,200829,0.5225731452322688,0.5406468761513764,0.5056687277238446,-0.0027199021434594073,-0.0010142339573752102,-0.004216470078569512
A0_confidence_rank,reverse,4,CYST_PA62.nii.gz,1,2,215167,27876,13764653,148080,0.7097824473436805,0.8853042465736516,0.5923435018045572,0.0005145312309730032,0.000537070294304276,0.00047625995534716914
A0_confidence_rank,reverse,4,HEM_PA107.nii.gz,1,2,202743,10315,13904144,38574,0.8924038514442916,0.9515859531207465,0.8401521649945922,-5.253715545627813e-05,2.9363071284760345e-05,-0.00011602995230330926
A0_confidence_rank,reverse,4,HEM_PA29.nii.gz,1,2,343986,6391,13613954,191445,0.7766604049636039,0.9817596474654444,0.6424469259344341,-0.00046898757679358916,-4.256637992861023e-05,-0.0006237965302718917
A0_confidence_rank,reverse,4,HEP_PA28.nii.gz,1,2,206555,174898,13574614,199709,0.5244396147347334,0.5414952825118691,0.508425555796231,-0.0008534326409948001,-0.00016582759688255067,-0.0014596420061830928
A1_world,forward,4,CYST_PA62.nii.gz,1,2,214043,27694,13764835,149204,0.7075988786480304,0.8854374795749099,0.5892491885686599,-0.001669037464677059,0.0006703032955626131,-0.0026180532805500922
A1_world,forward,4,HEM_PA107.nii.gz,1,2,202388,10204,13904255,38929,0.8917558365222985,0.9520019567998795,0.8386810709564597,-0.0007005520774493457,0.00044536675041784157,-0.0015871239904358125
A1_world,forward,4,HEM_PA29.nii.gz,1,2,342421,6206,13614139,193010,0.7746573188636945,0.982198739627166,0.6395240469827111,-0.0024720736767029905,0.0003965257817929446,-0.003546675481994832
A1_world,forward,4,HEP_PA28.nii.gz,1,2,205528,174500,13575012,200736,0.5227777975612113,0.5408233077562706,0.5058976429119981,-0.0025152498145168956,-0.0008378023524809874,-0.003987554890416023
A1_world,reverse,4,CYST_PA62.nii.gz,1,2,215038,27845,13764684,148209,0.7095441571940013,0.8853563238266985,0.5919883715488359,0.0002762410812938709,0.0005891475473511765,0.00012112969962585485
A1_world,reverse,4,HEM_PA107.nii.gz,1,2,202633,10315,13904144,38684,0.8921356476946276,0.9515609444559235,0.8396963330391145,-0.00032074090512024256,4.35440646184837e-06,-0.0005718619077810239
A1_world,reverse,4,HEM_PA29.nii.gz,1,2,343523,6479,13613866,191908,0.7759435214183343,0.9814886772075588,0.6415822020017519,-0.0011858711220631424,-0.0003135366378141935,-0.0014885204629541127
A1_world,reverse,4,HEP_PA28.nii.gz,1,2,206979,174994,13574518,199285,0.5251694604541528,0.5418681425126907,0.5094692121379202,-0.00012358692157543594,0.00020703240393904476,-0.00041598566449396746
A2_joint_product,forward,4,CYST_PA62.nii.gz,1,2,212872,27372,13765157,150375,0.7054686813887863,0.8860658330697124,0.5860254867899803,-0.0037992347239211854,0.0012986567903651158,-0.005841755059229681
A2_joint_product,forward,4,HEM_PA107.nii.gz,1,2,202016,10121,13904338,39301,0.8910098929549635,0.9522902652531148,0.8371395301615717,-0.0014464956447843846,0.0007336752036530836,-0.003128664785323809
A2_joint_product,forward,4,HEM_PA29.nii.gz,1,2,341141,6013,13614332,194290,0.773049621282936,0.9826791568007283,0.6371334495014297,-0.004079771257461506,0.000876942955355231,-0.0059372729632762855
A2_joint_product,forward,4,HEP_PA28.nii.gz,1,2,205041,174109,13575403,201223,0.5221220910246062,0.5407912435711459,0.5046989149912372,-0.0031709563511220784,-0.0008698665376056791,-0.0051862828111769455
A2_joint_product,reverse,4,CYST_PA62.nii.gz,1,2,213169,27355,13765174,150078,0.7061253355990931,0.8862691456985582,0.586843112262455,-0.003142580513614379,0.0015019694192108801,-0.005024129586755022
A2_joint_product,reverse,4,HEM_PA107.nii.gz,1,2,202106,10131,13904328,39211,0.8912103079236431,0.9522656275767185,0.8375124835796898,-0.001246080676104766,0.0007090375272568172,-0.00275571136720576
A2_joint_product,reverse,4,HEM_PA29.nii.gz,1,2,341305,6036,13614309,194126,0.7732574209422138,0.982622264575734,0.6374397448037189,-0.0038719715981836433,0.000820050730360955,-0.00563097766098708
A2_joint_product,reverse,4,HEP_PA28.nii.gz,1,2,205360,174159,13575353,200904,0.5226888339401591,0.5411059788837976,0.5054841187011402,-0.002604213435569158,-0.0005551312249539864,-0.004401079101273964
A_init_no_adaptation,forward,0,CYST_PA62.nii.gz,1,2,214994,28001,13764528,148253,0.7092679161127075,0.8847671762793473,0.59186724184921,,,
A_init_no_adaptation,forward,0,HEM_PA107.nii.gz,1,2,202771,10323,13904136,38546,0.8924563885997479,0.9515565900494617,0.8402681949468955,,,
A_init_no_adaptation,forward,0,HEM_PA29.nii.gz,1,2,344320,6382,13613963,191111,0.7771293925403975,0.981802213845373,0.643070722464706,,,
A_init_no_adaptation,forward,0,HEP_PA28.nii.gz,1,2,207148,175283,13574229,199116,0.5252930473757282,0.5416611101087516,0.5098851978024141,,,
