method,case,scope,patch_count,valid_auroc_count,pseudo_accuracy,reliability_mean,auroc,auprc,spearman,aggregation
confidence_rank,CYST_PA62.nii.gz,background,4,2,0.9977765186359007,0.5094332366822398,0.996226539759245,0.9999915877712762,0.11432178439241011,case_patch_macro
confidence_rank,CYST_PA62.nii.gz,foreground,4,2,0.7342001678326089,0.04320462543334355,0.6460075641715373,0.8063804681052286,0.18305998388854178,case_patch_macro
confidence_rank,CYST_PA62.nii.gz,overall,4,2,0.9917392730712891,0.5000000653972891,0.9844330381745814,0.9998460996298258,0.20554804320961725,case_patch_macro
real_blur_joint_product,CYST_PA62.nii.gz,background,4,2,0.9977765186359007,0.2917979594708588,0.9924802220301001,0.9999828856579778,0.1134465405067441,case_patch_macro
real_blur_joint_product,CYST_PA62.nii.gz,foreground,4,2,0.7342001678326089,0.009741712309845326,0.6831540468656366,0.8052590996176721,0.21301596373976783,case_patch_macro
real_blur_joint_product,CYST_PA62.nii.gz,overall,4,2,0.9917392730712891,0.285333579473554,0.9819156692995257,0.999826616295955,0.20451692108587755,case_patch_macro
real_blur_world_stability,CYST_PA62.nii.gz,background,4,2,0.9977765186359007,0.5091836549140696,0.9848637197273427,0.9999487850471007,0.11166900858196795,case_patch_macro
real_blur_world_stability,CYST_PA62.nii.gz,foreground,4,2,0.7342001678326089,0.05794565060245348,0.6511587854143295,0.785453028606053,0.16049451617730345,case_patch_macro
real_blur_world_stability,CYST_PA62.nii.gz,overall,4,2,0.9917392730712891,0.4999999348030639,0.9740808410504085,0.9997409738399968,0.2014647059505167,case_patch_macro
real_gamma_joint_product,CYST_PA62.nii.gz,background,4,2,0.9977765186359007,0.290993963974561,0.9951940441905629,0.9999890890067262,0.11408559402827692,case_patch_macro
real_gamma_joint_product,CYST_PA62.nii.gz,foreground,4,2,0.7342001678326089,0.011137065698951183,0.6881008720022108,0.8237163169933653,0.22914849484425728,case_patch_macro
real_gamma_joint_product,CYST_PA62.nii.gz,overall,4,2,0.9917392730712891,0.28459575636873147,0.9846212715224131,0.9998446523771705,0.20554984529380843,case_patch_macro
real_gamma_world_stability,CYST_PA62.nii.gz,background,4,2,0.9977765186359007,0.5086981149624511,0.987573770996834,0.9999106122068995,0.11235838093713113,case_patch_macro
real_gamma_world_stability,CYST_PA62.nii.gz,foreground,4,2,0.7342001678326089,0.07243610551623841,0.6759067394253279,0.8217148192714779,0.2124233504265499,case_patch_macro
real_gamma_world_stability,CYST_PA62.nii.gz,overall,4,2,0.9917392730712891,0.49999993480393545,0.9806806312598514,0.9997288312640088,0.20383645505478465,case_patch_macro
real_pairwise_joint_product,CYST_PA62.nii.gz,background,4,2,0.9977765186359007,0.29337553005847,0.9936371241497604,0.9999855141266492,0.11371191778833903,case_patch_macro
real_pairwise_joint_product,CYST_PA62.nii.gz,foreground,4,2,0.7342001678326089,0.007360322939722955,0.6922308022171126,0.8065189385333997,0.22408231285349417,case_patch_macro
real_pairwise_joint_product,CYST_PA62.nii.gz,overall,4,2,0.9917392730712891,0.2867770092482078,0.9830594841148084,0.9998361412771234,0.20499092022920895,case_patch_macro
real_pairwise_world_stability,CYST_PA62.nii.gz,background,4,2,0.9977765186359007,0.509420528621902,0.9894615688174064,0.9999747215742661,0.11273026967925903,case_patch_macro
real_pairwise_world_stability,CYST_PA62.nii.gz,foreground,4,2,0.7342001678326089,0.047249368546334276,0.6681639921549606,0.78740554331425,0.17923321844423495,case_patch_macro
real_pairwise_world_stability,CYST_PA62.nii.gz,overall,4,2,0.9917392730712891,0.4999999346885602,0.978155298061872,0.9997985581311204,0.2030632362234837,case_patch_macro
confidence_rank,HEM_PA29.nii.gz,background,4,2,0.9978661238480232,0.516147522102645,0.996718265039128,0.9999886223765205,0.10113588258250819,case_patch_macro
confidence_rank,HEM_PA29.nii.gz,foreground,4,2,0.35643666650676836,0.19803161920078968,0.4211858363902553,0.4594408171263057,-0.13402289381350513,case_patch_macro
confidence_rank,HEM_PA29.nii.gz,overall,4,3,0.9830427876225225,0.5000000654518229,0.8101686651867883,0.9993137345486633,0.290448286489412,case_patch_macro
real_blur_joint_product,HEM_PA29.nii.gz,background,4,2,0.9978661238480232,0.2935927228376649,0.9978078726493809,0.9999920751340127,0.10142429367911013,case_patch_macro
real_blur_joint_product,HEM_PA29.nii.gz,foreground,4,2,0.35643666650676836,0.08607331193846353,0.4308879772127223,0.4899865292884815,-0.1212745594022457,case_patch_macro
real_blur_joint_product,HEM_PA29.nii.gz,overall,4,3,0.9830427876225225,0.28254494089986854,0.8129895050040411,0.9993856893421262,0.2928167124557097,case_patch_macro
real_blur_world_stability,HEM_PA29.nii.gz,background,4,2,0.9978661238480232,0.5159771444820604,0.9974419994080186,0.9999815231413782,0.10134001648290583,case_patch_macro
real_blur_world_stability,HEM_PA29.nii.gz,foreground,4,2,0.35643666650676836,0.20078300888240017,0.4479089394349542,0.5216378539016929,-0.09379555669186074,case_patch_macro
real_blur_world_stability,HEM_PA29.nii.gz,overall,4,3,0.9830427876225225,0.4999999348570188,0.8120657909392094,0.9993072320659099,0.2918838287421396,case_patch_macro
real_gamma_joint_product,HEM_PA29.nii.gz,background,4,2,0.9978661238480232,0.29987438618271084,0.9964880455699517,0.999988110141445,0.10109538474822154,case_patch_macro
real_gamma_joint_product,HEM_PA29.nii.gz,foreground,4,2,0.35643666650676836,0.08681939374065134,0.499941136532918,0.5084405502763427,-0.0029777641933236426,case_patch_macro
real_gamma_joint_product,HEM_PA29.nii.gz,overall,4,3,0.9830427876225225,0.2884188109776347,0.8116621993361134,0.9993367625845642,0.2916564690397353,case_patch_macro
real_gamma_world_stability,HEM_PA29.nii.gz,background,4,2,0.9978661238480232,0.5156781141292364,0.9937059626433061,0.9999476517879368,0.10041434079343357,case_patch_macro
real_gamma_world_stability,HEM_PA29.nii.gz,foreground,4,2,0.35643666650676836,0.20632369753923063,0.5429089001039769,0.5486228923090075,0.06860701744383849,case_patch_macro
real_gamma_world_stability,HEM_PA29.nii.gz,overall,4,3,0.9830427876225225,0.49999993475949234,0.809180307914259,0.9991255793867106,0.28922958280821165,case_patch_macro
real_pairwise_joint_product,HEM_PA29.nii.gz,background,4,2,0.9978661238480232,0.30023692620184816,0.9978180736873353,0.9999922418231465,0.10143277883793536,case_patch_macro
real_pairwise_joint_product,HEM_PA29.nii.gz,foreground,4,2,0.35643666650676836,0.0858745310942592,0.44549359747226047,0.4955922868559607,-0.09661594831666503,case_patch_macro
real_pairwise_joint_product,HEM_PA29.nii.gz,overall,4,3,0.9830427876225225,0.288716627381043,0.8137123691937723,0.9994071066268296,0.2934832781129389,case_patch_macro
real_pairwise_world_stability,HEM_PA29.nii.gz,background,4,2,0.9978661238480232,0.5161655776865556,0.998151698613762,0.999992650132896,0.10153797202450661,case_patch_macro
real_pairwise_world_stability,HEM_PA29.nii.gz,foreground,4,2,0.35643666650676836,0.19741763073460786,0.4770734479746408,0.5386354025633392,-0.044981948167391844,case_patch_macro
real_pairwise_world_stability,HEM_PA29.nii.gz,overall,4,3,0.9830427876225225,0.49999993472349785,0.8151432261125781,0.9994404644876842,0.2947037977103481,case_patch_macro
confidence_rank,HEP_PA28.nii.gz,background,4,4,0.9918016223660815,0.510194001494376,0.936322365346731,0.9969995840759962,0.18197981378159872,case_patch_macro
confidence_rank,HEP_PA28.nii.gz,foreground,4,3,0.49367789001439566,0.13797847380087355,0.29920666771519216,0.3863380893114045,-0.36015097239329447,case_patch_macro
confidence_rank,HEP_PA28.nii.gz,overall,4,4,0.9821833151358145,0.5000000753717107,0.8512813548702581,0.9960240844181797,0.22581130112860082,case_patch_macro
real_blur_joint_product,HEP_PA28.nii.gz,background,4,4,0.9918016223660815,0.3056402968338819,0.9713756355271093,0.9980415851254132,0.12554546198820088,case_patch_macro
real_blur_joint_product,HEP_PA28.nii.gz,foreground,4,3,0.49367789001439566,0.01587369006334856,0.40449241036727085,0.46558103055227895,-0.15786879962413322,case_patch_macro
real_blur_joint_product,HEP_PA28.nii.gz,overall,4,4,0.9821833151358145,0.2986493872792949,0.9371099185912156,0.9975218780456483,0.22173611408534355,case_patch_macro
real_blur_world_stability,HEP_PA28.nii.gz,background,4,4,0.9918016223660815,0.5103106490179155,0.9400384917946163,0.9950533488788778,0.11105683596323584,case_patch_macro
real_blur_world_stability,HEP_PA28.nii.gz,foreground,4,3,0.49367789001439566,0.05555624365096529,0.47110647694128255,0.505186948295275,-0.04910074343009041,case_patch_macro
real_blur_world_stability,HEP_PA28.nii.gz,overall,4,4,0.9821833151358145,0.49999992257703396,0.909118310652964,0.9944750844348675,0.2073432928516477,case_patch_macro
real_gamma_joint_product,HEP_PA28.nii.gz,background,4,4,0.9918016223660815,0.31181637867438444,0.9345903917244378,0.9971422877057002,0.18068871801716965,case_patch_macro
real_gamma_joint_product,HEP_PA28.nii.gz,foreground,4,3,0.49367789001439566,0.05945327437088092,0.4107918082029522,0.4285577479660856,-0.169915831152555,case_patch_macro
real_gamma_joint_product,HEP_PA28.nii.gz,overall,4,4,0.9821833151358145,0.3047070376671954,0.8533289046653884,0.9962696733745071,0.22751464695384047,case_patch_macro
real_gamma_world_stability,HEP_PA28.nii.gz,background,4,4,0.9918016223660815,0.5099775255712131,0.8788366964496908,0.9951304988733451,0.15229716244779534,case_patch_macro
real_gamma_world_stability,HEP_PA28.nii.gz,foreground,4,3,0.49367789001439566,0.14774268252298528,0.4972542256121533,0.4899271309508309,-0.025348978660257232,case_patch_macro
real_gamma_world_stability,HEP_PA28.nii.gz,overall,4,4,0.9821833151358145,0.4999999213443823,0.808834994305317,0.9943006767428874,0.20432925012079764,case_patch_macro
real_pairwise_joint_product,HEP_PA28.nii.gz,background,4,4,0.9918016223660815,0.30879069078825666,0.974180774423789,0.9981863637165355,0.12693049210681492,case_patch_macro
real_pairwise_joint_product,HEP_PA28.nii.gz,foreground,4,3,0.49367789001439566,0.015440605600678538,0.41682563043155835,0.466651616707834,-0.1362737734742703,case_patch_macro
real_pairwise_joint_product,HEP_PA28.nii.gz,overall,4,4,0.9821833151358145,0.3016706843432524,0.9407986109105518,0.9977155931759694,0.2237059868575395,case_patch_macro
real_pairwise_world_stability,HEP_PA28.nii.gz,background,4,4,0.9918016223660815,0.510419038246118,0.9592675748353194,0.9966319560316803,0.12014278744272673,case_patch_macro
real_pairwise_world_stability,HEP_PA28.nii.gz,foreground,4,3,0.49367789001439566,0.051702664834804825,0.4985711713243168,0.5164344709150465,-0.0012596738213773717,case_patch_macro
real_pairwise_world_stability,HEP_PA28.nii.gz,overall,4,4,0.9821833151358145,0.4999999328653265,0.9292939550448056,0.9962046093509928,0.2178757924246757,case_patch_macro
confidence_rank,HEM_PA107.nii.gz,background,4,2,0.9993348303100962,0.5099413054427848,0.9980104870800812,0.9999986138303814,0.06272634949165604,case_patch_macro
confidence_rank,HEM_PA107.nii.gz,foreground,4,2,0.46386600153835805,0.18461977193703893,0.5454935006044676,0.6849467271513725,0.03144408228862125,case_patch_macro
confidence_rank,HEM_PA107.nii.gz,overall,4,3,0.9927405604609737,0.5000000650951812,0.822050436734724,0.9998119660548141,0.19140415489778023,case_patch_macro
real_blur_joint_product,HEM_PA107.nii.gz,background,4,2,0.9993348303100962,0.28766422671994796,0.9954828327379195,0.9999965784313829,0.06238860459672196,case_patch_macro
real_blur_joint_product,HEM_PA107.nii.gz,foreground,4,2,0.46386600153835805,0.08453209173706094,0.4888886444613305,0.6627555210313396,-0.0642828071128714,case_patch_macro
real_blur_joint_product,HEM_PA107.nii.gz,overall,4,3,0.9927405604609737,0.28113840985738564,0.8208226344184194,0.9998016145148609,0.19066933280834628,case_patch_macro
real_blur_world_stability,HEM_PA107.nii.gz,background,4,2,0.9993348303100962,0.5096262068748517,0.9817021431413656,0.9999466037582646,0.06056709699688912,case_patch_macro
real_blur_world_stability,HEM_PA107.nii.gz,foreground,4,2,0.46386600153835805,0.19627660209887912,0.4476290627850936,0.6550947056252894,-0.12629009978572486,case_patch_macro
real_blur_world_stability,HEM_PA107.nii.gz,overall,4,3,0.9927405604609737,0.4999999350432421,0.8165704574253826,0.9997147621598458,0.1884275906337296,case_patch_macro
real_gamma_joint_product,HEM_PA107.nii.gz,background,4,2,0.9993348303100962,0.28990602592018627,0.9961875311463744,0.9999972552312542,0.06249381940866751,case_patch_macro
real_gamma_joint_product,HEM_PA107.nii.gz,foreground,4,2,0.46386600153835805,0.0862796227995752,0.586017071096181,0.7133677861537107,0.0964452550654151,case_patch_macro
real_gamma_joint_product,HEM_PA107.nii.gz,overall,4,3,0.9927405604609737,0.2833321275809357,0.8223818686527279,0.9998197577867548,0.1917022715388747,case_patch_macro
real_gamma_world_stability,HEM_PA107.nii.gz,background,4,2,0.9993348303100962,0.5089300219740357,0.9885643477709596,0.999975361352496,0.06153817112188169,case_patch_macro
real_gamma_world_stability,HEM_PA107.nii.gz,foreground,4,2,0.46386600153835805,0.2208958208707588,0.6072591055838565,0.734831493708874,0.13308757913206098,case_patch_macro
real_gamma_world_stability,HEM_PA107.nii.gz,overall,4,3,0.9927405604609737,0.4999999350193278,0.8205562272296488,0.9997689157370666,0.19080642605858403,case_patch_macro
real_pairwise_joint_product,HEM_PA107.nii.gz,background,4,2,0.9993348303100962,0.2913154618349918,0.9971304036562945,0.9999979089924738,0.06260732757892087,case_patch_macro
real_pairwise_joint_product,HEM_PA107.nii.gz,foreground,4,2,0.46386600153835805,0.08426510226013371,0.5026659337647941,0.6654809013912253,-0.04210300048635096,case_patch_macro
real_pairwise_joint_product,HEM_PA107.nii.gz,overall,4,3,0.9927405604609737,0.2846316089119735,0.8214806201582885,0.9998088466545947,0.1910546027810483,case_patch_macro
real_pairwise_world_stability,HEM_PA107.nii.gz,background,4,2,0.9993348303100962,0.5098249323597691,0.994110209080195,0.9999891589985141,0.06220672524503974,case_patch_macro
real_pairwise_world_stability,HEM_PA107.nii.gz,foreground,4,2,0.46386600153835805,0.18909504075258243,0.473866467335512,0.6613497943354291,-0.08535559998494842,case_patch_macro
real_pairwise_world_stability,HEM_PA107.nii.gz,overall,4,3,0.9927405604609737,0.49999993481918636,0.8197471973170031,0.9997875933876459,0.19014067752782082,case_patch_macro
confidence_rank,HEM_PA81.nii.gz,background,4,2,0.9995680640515562,0.5148242344537275,0.998655950083282,0.9999989681680774,0.04428776876203933,case_patch_macro
confidence_rank,HEM_PA81.nii.gz,foreground,4,2,0.5022295261746704,0.19394634937211497,0.6448586186810006,0.7700646924069788,0.15765117343989615,case_patch_macro
confidence_rank,HEM_PA81.nii.gz,overall,4,3,0.991169223078975,0.500000065193234,0.8202102629440318,0.999755905560535,0.20643477384781012,case_patch_macro
real_blur_joint_product,HEM_PA81.nii.gz,background,4,2,0.9995680640515562,0.29598895845897594,0.9975023777242527,0.9999980250168421,0.044128579675907983,case_patch_macro
real_blur_joint_product,HEM_PA81.nii.gz,foreground,4,2,0.5022295261746704,0.0047794219854554116,0.7203100487922799,0.8231108147486531,0.27718511805556123,case_patch_macro
real_blur_joint_product,HEM_PA81.nii.gz,overall,4,3,0.991169223078975,0.2857300468655152,0.9845656955727126,0.9998045314085776,0.14115312655563247,case_patch_macro
real_blur_world_stability,HEM_PA81.nii.gz,background,4,2,0.9995680640515562,0.5139804291750205,0.992086775696778,0.999982141931318,0.04342269730684837,case_patch_macro
real_blur_world_stability,HEM_PA81.nii.gz,foreground,4,2,0.5022295261746704,0.0531504675979333,0.7469298521996195,0.8534786305940703,0.3249881861015963,case_patch_macro
real_blur_world_stability,HEM_PA81.nii.gz,overall,4,3,0.991169223078975,0.49999993221983574,0.983058111883695,0.9997778559959171,0.14080334224428345,case_patch_macro
real_gamma_joint_product,HEM_PA81.nii.gz,background,4,2,0.9995680640515562,0.29604428041328235,0.9970851819565518,0.9999977490054505,0.04408602764419474,case_patch_macro
real_gamma_joint_product,HEM_PA81.nii.gz,foreground,4,2,0.5022295261746704,0.08930233503962681,0.7715617116775862,0.8446016310526578,0.36103927747191056,case_patch_macro
real_gamma_joint_product,HEM_PA81.nii.gz,overall,4,3,0.991169223078975,0.28585395432172767,0.8240631345726065,0.999837120769051,0.20968034211280104,case_patch_macro
real_gamma_world_stability,HEM_PA81.nii.gz,background,4,2,0.9995680640515562,0.5140192816246549,0.9869150184959965,0.9999693160314687,0.04280139257899449,case_patch_macro
real_gamma_world_stability,HEM_PA81.nii.gz,foreground,4,2,0.5022295261746704,0.21635393766058905,0.8215707251801674,0.8778821109577812,0.44655410284718866,case_patch_macro
real_gamma_world_stability,HEM_PA81.nii.gz,overall,4,3,0.991169223078975,0.49999993532232007,0.8236221144566703,0.999824897321282,0.21002780871484206,case_patch_macro
real_pairwise_joint_product,HEM_PA81.nii.gz,background,4,2,0.9995680640515562,0.2984690852203406,0.9979781503733491,0.9999984559108558,0.044198022592780946,case_patch_macro
real_pairwise_joint_product,HEM_PA81.nii.gz,foreground,4,2,0.5022295261746704,0.00391525543590263,0.7581068844164776,0.8491453381827652,0.33875591114620435,case_patch_macro
real_pairwise_joint_product,HEM_PA81.nii.gz,overall,4,3,0.991169223078975,0.2880060883369072,0.9862377198424116,0.9998373806311927,0.14204050180545255,case_patch_macro
real_pairwise_world_stability,HEM_PA81.nii.gz,background,4,2,0.9995680640515562,0.5146701775411433,0.9955941727663222,0.9999957596617662,0.043927149249214426,case_patch_macro
real_pairwise_world_stability,HEM_PA81.nii.gz,foreground,4,2,0.5022295261746704,0.03510239904119567,0.8169484193564852,0.8988794543726623,0.4373206845772466,case_patch_macro
real_pairwise_world_stability,HEM_PA81.nii.gz,overall,4,3,0.991169223078975,0.49999993216897143,0.9873223548474513,0.9998718090155613,0.142870321287587,case_patch_macro
confidence_rank,HEM_PA89.nii.gz,background,4,4,0.995659557180025,0.5119928339083548,0.9343441840376829,0.9992832068625636,0.1055784166450916,case_patch_macro
confidence_rank,HEM_PA89.nii.gz,foreground,4,3,0.7364061657392206,0.054453556157262974,0.5770763615102675,0.7663826347857899,0.10867217946770812,case_patch_macro
confidence_rank,HEM_PA89.nii.gz,overall,4,4,0.9888075016163014,0.5000000704897456,0.9253805485752352,0.9991285003899854,0.1667366984784256,case_patch_macro
real_blur_joint_product,HEM_PA89.nii.gz,background,4,4,0.995659557180025,0.3123292830597024,0.9769705678844927,0.9997741700852153,0.10858096811613491,case_patch_macro
real_blur_joint_product,HEM_PA89.nii.gz,foreground,4,3,0.7364061657392206,0.0025704190919103166,0.565999822733668,0.7618846314554465,0.09371288816281209,case_patch_macro
real_blur_joint_product,HEM_PA89.nii.gz,overall,4,4,0.9888075016163014,0.30405401487907757,0.9674965264955805,0.9995997621609181,0.16930857465709542,case_patch_macro
real_blur_world_stability,HEM_PA89.nii.gz,background,4,4,0.995659557180025,0.5122348774189005,0.9726355114187887,0.9996827262111484,0.10775322374339266,case_patch_macro
real_blur_world_stability,HEM_PA89.nii.gz,foreground,4,3,0.7364061657392206,0.04034013585525151,0.5317925574048702,0.7453150545680275,0.044590332223586805,case_patch_macro
real_blur_world_stability,HEM_PA89.nii.gz,overall,4,4,0.9888075016163014,0.49999993090003897,0.9634640221125197,0.9994431670922461,0.16760865229375324,case_patch_macro
real_gamma_joint_product,HEM_PA89.nii.gz,background,4,4,0.995659557180025,0.31378387435926014,0.930637471986054,0.9992617675959279,0.10299933308382289,case_patch_macro
real_gamma_joint_product,HEM_PA89.nii.gz,foreground,4,3,0.7364061657392206,0.025784382944599133,0.648970792418836,0.817724528451866,0.2199520107439701,case_patch_macro
real_gamma_joint_product,HEM_PA89.nii.gz,overall,4,4,0.9888075016163014,0.3058802476739716,0.9246854653010878,0.999126205619083,0.16493074320224743,case_patch_macro
real_gamma_world_stability,HEM_PA89.nii.gz,background,4,4,0.995659557180025,0.5106122232159016,0.9069890554128675,0.9989413690973343,0.10023916103127345,case_patch_macro
real_gamma_world_stability,HEM_PA89.nii.gz,foreground,4,3,0.7364061657392206,0.11072888881376843,0.6838454679593905,0.8421060830895181,0.2749077462564442,case_patch_macro
real_gamma_world_stability,HEM_PA89.nii.gz,overall,4,4,0.9888075016163014,0.4999999266992935,0.9100444960907641,0.9987938809079332,0.1634571773116647,case_patch_macro
real_pairwise_joint_product,HEM_PA89.nii.gz,background,4,4,0.995659557180025,0.3162568342221095,0.9774339770234202,0.999776000978081,0.10867824986861148,case_patch_macro
real_pairwise_joint_product,HEM_PA89.nii.gz,foreground,4,3,0.7364061657392206,0.0023322200308745784,0.5845919496964256,0.7702509614910031,0.12190460372054117,case_patch_macro
real_pairwise_joint_product,HEM_PA89.nii.gz,overall,4,4,0.9888075016163014,0.30785034386622634,0.9685382151836635,0.9996154360773806,0.16972902456006697,case_patch_macro
real_pairwise_world_stability,HEM_PA89.nii.gz,background,4,4,0.995659557180025,0.5124452509748487,0.9784510756767344,0.9997714877578214,0.10909922921319416,case_patch_macro
real_pairwise_world_stability,HEM_PA89.nii.gz,foreground,4,3,0.7364061657392206,0.03285966634050683,0.5775783597166902,0.7674206388255157,0.11363468663194252,case_patch_macro
real_pairwise_world_stability,HEM_PA89.nii.gz,overall,4,4,0.9888075016163014,0.49999992868506354,0.9697933140419583,0.999591319080924,0.16982198519262226,case_patch_macro
confidence_rank,HEM_PA101.nii.gz,background,4,2,0.9991463512212724,0.5113828984373768,0.9981071894987729,0.9999973234652636,0.062570738026252,case_patch_macro
confidence_rank,HEM_PA101.nii.gz,foreground,4,2,0.5078526931496223,0.19428200323034617,0.5239910639868336,0.7337390768184271,0.023477305658668728,case_patch_macro
confidence_rank,HEM_PA101.nii.gz,overall,4,3,0.9921658480608905,0.5000000650686952,0.8104245659297907,0.9989709113832149,0.18509434767568345,case_patch_macro
real_blur_joint_product,HEM_PA101.nii.gz,background,4,2,0.9991463512212724,0.2922318380701797,0.9968039788821734,0.9999951555800469,0.06230744152454098,case_patch_macro
real_blur_joint_product,HEM_PA101.nii.gz,foreground,4,2,0.5078526931496223,0.08525358481178215,0.5474875077167987,0.7434088772078964,0.05785246343512108,case_patch_macro
real_blur_joint_product,HEM_PA101.nii.gz,overall,4,3,0.9921658480608905,0.28437938532634194,0.8142415197515066,0.9990235255294752,0.18726613974902426,case_patch_macro
real_blur_world_stability,HEM_PA101.nii.gz,background,4,2,0.9991463512212724,0.511139402280409,0.9916877892969036,0.9999813685761625,0.0613583687559042,case_patch_macro
real_blur_world_stability,HEM_PA101.nii.gz,foreground,4,2,0.5078526931496223,0.2010929195012917,0.5462044126363832,0.7704093864368159,0.05973097161691276,case_patch_macro
real_blur_world_stability,HEM_PA101.nii.gz,overall,4,3,0.9921658480608905,0.4999999345895937,0.8115397803272559,0.9989917918766268,0.18608999698359124,case_patch_macro
real_gamma_joint_product,HEM_PA101.nii.gz,background,4,2,0.9991463512212724,0.2939613832353469,0.9967919716536049,0.9999960479371786,0.06239369452930691,case_patch_macro
real_gamma_joint_product,HEM_PA101.nii.gz,foreground,4,2,0.5078526931496223,0.08890567956063371,0.6196625358647275,0.7990710606457272,0.1726470098336008,case_patch_macro
real_gamma_joint_product,HEM_PA101.nii.gz,overall,4,3,0.9921658480608905,0.28613104732798067,0.8147139946056782,0.9990393942041527,0.18794508481653605,case_patch_macro
real_gamma_world_stability,HEM_PA101.nii.gz,background,4,2,0.9991463512212724,0.5102658324218728,0.991331292210817,0.9999806263166279,0.06171840988240223,case_patch_macro
real_gamma_world_stability,HEM_PA101.nii.gz,foreground,4,2,0.5078526931496223,0.23226698557184033,0.6710056348901623,0.8493788780250127,0.25452539073105285,case_patch_macro
real_gamma_world_stability,HEM_PA101.nii.gz,overall,4,3,0.9921658480608905,0.4999999344913956,0.81525476985999,0.9990353947032249,0.18851847729060864,case_patch_macro
real_pairwise_joint_product,HEM_PA101.nii.gz,background,4,2,0.9991463512212724,0.29390827359443483,0.9968956139172079,0.9999954342595236,0.06233736156912392,case_patch_macro
real_pairwise_joint_product,HEM_PA101.nii.gz,foreground,4,2,0.5078526931496223,0.08497684211629157,0.5703550255122372,0.7544711904214053,0.09522563484471255,case_patch_macro
real_pairwise_joint_product,HEM_PA101.nii.gz,overall,4,3,0.9921658480608905,0.28596521630880517,0.8152497801735014,0.9990396014661895,0.18796015851984194,case_patch_macro
real_pairwise_world_stability,HEM_PA101.nii.gz,background,4,2,0.9991463512212724,0.5113369206311049,0.9930325465065148,0.9999898398924427,0.06163885889078831,case_patch_macro
real_pairwise_world_stability,HEM_PA101.nii.gz,foreground,4,2,0.5078526931496223,0.19481836256495247,0.5964854447690354,0.7944385460734749,0.14062191633707333,case_patch_macro
real_pairwise_world_stability,HEM_PA101.nii.gz,overall,4,3,0.9921658480608905,0.4999999347083796,0.8150467800026858,0.9990550830630834,0.18827210339624736,case_patch_macro
confidence_rank,HCC_10020116_20180118.nii.gz,background,4,4,0.9984215929545681,0.5079041210912407,0.984934958533018,0.9999636043632585,0.1849506407543754,case_patch_macro
confidence_rank,HCC_10020116_20180118.nii.gz,foreground,4,4,0.8507272333456444,0.05201646135726567,0.7588826068960528,0.889697030537523,0.2467416901104363,case_patch_macro
confidence_rank,HCC_10020116_20180118.nii.gz,overall,4,4,0.9969105897126374,0.5000000671013308,0.9826767803488108,0.9999497126243274,0.20998976485219797,case_patch_macro
real_blur_joint_product,HCC_10020116_20180118.nii.gz,background,4,4,0.9984215929545681,0.2992040135099241,0.9982587519456687,0.9999967922442795,0.13133348815324414,case_patch_macro
real_blur_joint_product,HCC_10020116_20180118.nii.gz,foreground,4,4,0.8507272333456444,0.003251791831915299,0.6429824346994275,0.8538071818494242,0.08568073636736709,case_patch_macro
real_blur_joint_product,HCC_10020116_20180118.nii.gz,overall,4,4,0.9969105897126374,0.2935821770148811,0.9948790361415013,0.9999797605218257,0.15656159207117312,case_patch_macro
real_blur_world_stability,HCC_10020116_20180118.nii.gz,background,4,4,0.9984215929545681,0.5084169492181848,0.9940024202571943,0.9999769654215033,0.12999603741621008,case_patch_macro
real_blur_world_stability,HCC_10020116_20180118.nii.gz,foreground,4,4,0.8507272333456444,0.036219968389357225,0.5083019947465126,0.8308268182741083,-0.07744082531770582,case_patch_macro
real_blur_world_stability,HCC_10020116_20180118.nii.gz,overall,4,4,0.9969105897126374,0.49999993226620526,0.98929670391763,0.9999474578661374,0.15476091134756018,case_patch_macro
real_gamma_joint_product,HCC_10020116_20180118.nii.gz,background,4,4,0.9984215929545681,0.30707058976178636,0.9883748479177155,0.999972301059373,0.16529497568488977,case_patch_macro
real_gamma_joint_product,HCC_10020116_20180118.nii.gz,foreground,4,4,0.8507272333456444,0.03326943634469172,0.7727175718172781,0.907106377798673,0.2725059109317532,case_patch_macro
real_gamma_joint_product,HCC_10020116_20180118.nii.gz,overall,4,4,0.9969105897126374,0.3020773892733569,0.9860226466170876,0.9999580927740452,0.19064216433472347,case_patch_macro
real_gamma_world_stability,HCC_10020116_20180118.nii.gz,background,4,4,0.9984215929545681,0.5047147496908923,0.9736560408059144,0.9999205063363465,0.15507487633000944,case_patch_macro
real_gamma_world_stability,HCC_10020116_20180118.nii.gz,foreground,4,4,0.8507272333456444,0.18827624383410915,0.7644713201632891,0.9173651375359309,0.2726838524476174,case_patch_macro
real_gamma_world_stability,HCC_10020116_20180118.nii.gz,overall,4,4,0.9969105897126374,0.4999999291561671,0.9724227512225474,0.9998993186484433,0.18064788382795374,case_patch_macro
real_pairwise_joint_product,HCC_10020116_20180118.nii.gz,background,4,4,0.9984215929545681,0.3040694838010731,0.9984643599402092,0.9999971846120266,0.13071459511608055,case_patch_macro
real_pairwise_joint_product,HCC_10020116_20180118.nii.gz,foreground,4,4,0.8507272333456444,0.002954969734681196,0.6503105670801865,0.8550165510281422,0.09419859707876306,case_patch_macro
real_pairwise_joint_product,HCC_10020116_20180118.nii.gz,overall,4,4,0.9969105897126374,0.2983318162101599,0.9951360838338673,0.9999808269069332,0.15596755026913922,case_patch_macro
real_pairwise_world_stability,HCC_10020116_20180118.nii.gz,background,4,4,0.9984215929545681,0.5086370696441541,0.9975636377482173,0.9999956655270471,0.13045311791351794,case_patch_macro
real_pairwise_world_stability,HCC_10020116_20180118.nii.gz,foreground,4,4,0.8507272333456444,0.027079577219593517,0.5276687484412741,0.8342544087141843,-0.056938267176936196,case_patch_macro
real_pairwise_world_stability,HCC_10020116_20180118.nii.gz,overall,4,4,0.9969105897126374,0.4999999322746707,0.9924975418542952,0.9999708151063442,0.1552790738235853,case_patch_macro
confidence_rank,__all__,background,,8,0.9974468325709402,0.5114775192015931,0.9804149924222426,0.9995276888641672,0.10719392430449143,8_case_macro
confidence_rank,__all__,foreground,,8,0.5806745430376611,0.13231660756112942,0.5520877774944508,0.6871236920303787,0.03210906858088409,8_case_macro
confidence_rank,__all__,overall,,8,0.9898448873449255,0.5000000673961262,0.8758282065955275,0.9991001143261932,0.21018342132244092,8_case_macro
real_blur_joint_product,__all__,background,,8,0.9974468325709402,0.29730616237014196,0.9908352799226372,0.9997221584093964,0.09364442228007563,8_case_macro
real_blur_joint_product,__all__,foreground,,8,0.5806745430376611,0.03650950297122269,0.5605253616061419,0.700724210718899,0.04800262545267238,8_case_macro
real_blur_joint_product,__all__,overall,,8,0.9898448873449255,0.2894264926994899,0.9142525631593128,0.9993679222274234,0.1955035641835253,8_case_macro
real_blur_world_stability,__all__,background,,8,0.9974468325709402,0.5113586641726765,0.981807356342626,0.9993191828707191,0.09089541065591925,8_case_macro
real_blur_world_stability,__all__,foreground,,8,0.5806745430376611,0.10517062457231648,0.5438790101953807,0.7084253032876665,0.030397097611752185,8_case_macro
real_blur_world_stability,__all__,overall,,8,0.9898448873449255,0.49999993215700406,0.9073992522886332,0.9989247906664435,0.19229779013090267,8_case_macro
real_gamma_joint_product,__all__,background,,8,0.9974468325709402,0.3004313603151898,0.9794186857681566,0.9995430759603818,0.10414219339306874,8_case_macro
real_gamma_joint_product,__all__,foreground,,8,0.5806745430376611,0.06011889881245125,0.6247204374515862,0.7303232499173036,0.14735554544312854,8_case_macro
real_gamma_joint_product,__all__,overall,,8,0.9898448873449255,0.2926245463989418,0.8776849356591379,0.9991539574361661,0.20870269591157087,8_case_macro
real_gamma_world_stability,__all__,background,,8,0.9974468325709402,0.5103619829487822,0.9634465230982983,0.9992219927503068,0.09830523689036516,8_case_macro
real_gamma_world_stability,__all__,foreground,,8,0.5806745430376611,0.17437804529119003,0.6580277648647904,0.7602285682310541,0.2046800075780619,8_case_macro
real_gamma_world_stability,__all__,overall,,8,0.9898448873449255,0.4999999314495393,0.867574536542381,0.9988096868389447,0.20385663264843087,8_case_macro
real_pairwise_joint_product,__all__,background,,8,0.9974468325709402,0.3008027857151906,0.9916923096464207,0.9997411380524115,0.09382634318232588,8_case_macro
real_pairwise_joint_product,__all__,foreground,,8,0.5806745430376611,0.035889981151568044,0.5775725488238815,0.707890973076467,0.07489679217080362,8_case_macro
real_pairwise_joint_product,__all__,overall,,8,0.9898448873449255,0.29274367432582193,0.9155266104263582,0.9994051166020267,0.19611650289190452,8_case_macro
real_pairwise_world_stability,__all__,background,,8,0.9974468325709402,0.5116149369631994,0.9882040605055589,0.9995426549470543,0.09271701370728086,8_case_macro
real_pairwise_world_stability,__all__,foreground,,8,0.5806745430376611,0.09691558875432224,0.5795445063841145,0.7248522823892376,0.08528437710498045,8_case_macro
real_pairwise_world_stability,__all__,overall,,8,0.9898448873449255,0.499999933116707,0.9133749584103313,0.9992150314529196,0.1952533734482963,8_case_macro
