variant,epoch,case_position,step,case,patch_count,mean_patch_loss,gradient_norm,update_delta_norm,learning_rate,weight_decay,optimizer_updates,base_trainable_parameters,lora_trainable_parameters
B_source_hard_pseudo,1,1,1,CYST_PA69.nii.gz,60,0.024266459109882513,0.28412139415740967,0.03765867277979851,0.0001,0.0,1,0,589824
B_source_hard_pseudo,1,2,2,CYST_PA37.nii.gz,16,0.021580498694675043,0.07016722857952118,0.04091709479689598,0.0001,0.0,1,0,589824
B_source_hard_pseudo,1,3,3,CYST_PA53.nii.gz,2,0.012266193982213736,0.037438251078128815,0.03567463532090187,0.0001,0.0,1,0,589824
B_source_hard_pseudo,1,4,4,HEM_PA24.nii.gz,16,0.017595026511116885,0.06672242283821106,0.036834366619586945,0.0001,0.0,1,0,589824
B_source_hard_pseudo,1,5,5,CYST_PA74.nii.gz,20,0.017040328346411115,0.06805618107318878,0.03815537691116333,0.0001,0.0,1,0,589824
B_source_hard_pseudo,1,6,6,FNH_PA32.nii.gz,3,0.019080025764803093,0.13210232555866241,0.03585619851946831,0.0001,0.0,1,0,589824
B_source_hard_pseudo,1,7,7,HCC_10074592_20130816.nii.gz,15,0.025662198988720776,0.20848996937274933,0.03561564162373543,0.0001,0.0,1,0,589824
B_source_hard_pseudo,1,8,8,HCC_10142924_20170911.nii.gz,15,0.02093586794411143,0.13032659888267517,0.037383370101451874,0.0001,0.0,1,0,589824
B_source_hard_pseudo,1,9,9,ICC_PA18.nii.gz,20,0.02257763668894768,0.14451964199543,0.03780851885676384,0.0001,0.0,1,0,589824
B_source_hard_pseudo,1,10,10,HCC_10081574_20140213.nii.gz,12,0.021557210401321452,0.17677895724773407,0.038513388484716415,0.0001,0.0,1,0,589824
B_source_hard_pseudo,1,11,11,FNH_PA10.nii.gz,20,0.014679685863666237,0.09658177942037582,0.03813224285840988,0.0001,0.0,1,0,589824
B_source_hard_pseudo,1,12,12,HEM_PA66.nii.gz,3,0.010939498121539751,0.08915377408266068,0.036646753549575806,0.0001,0.0,1,0,589824
B_source_hard_pseudo,1,13,13,CYST_PA54.nii.gz,2,0.012453481089323759,0.11604387313127518,0.03619296848773956,0.0001,0.0,1,0,589824
B_source_hard_pseudo,1,14,14,CYST_PA56.nii.gz,20,0.009861970151632704,0.05405091121792793,0.03440307825803757,0.0001,0.0,1,0,589824
B_source_hard_pseudo,1,15,15,HCC_10140276_20170721.nii.gz,15,0.011120574707941462,0.057812776416540146,0.033332355320453644,0.0001,0.0,1,0,589824
B_source_hard_pseudo,1,16,16,HEM_PA13.nii.gz,20,0.007352337776751483,0.031011730432510376,0.031467657536268234,0.0001,0.0,1,0,589824
B_source_hard_pseudo,1,17,17,HEM_PA99.nii.gz,80,0.01491978481855622,0.09029414504766464,0.02865968644618988,0.0001,0.0,1,0,589824
B_source_hard_pseudo,1,18,18,MET_PA25.nii.gz,20,0.008314187650933036,0.04470336064696312,0.02751765586435795,0.0001,0.0,1,0,589824
B_source_hard_pseudo,1,19,19,HEM_PA97.nii.gz,50,0.008504427568987012,0.011244959197938442,0.025379592552781105,0.0001,0.0,1,0,589824
B_source_hard_pseudo,1,20,20,HCC_PA0.nii.gz,25,0.012334472686052322,0.03004385717213154,0.024193087592720985,0.0001,0.0,1,0,589824
B_source_hard_pseudo,1,21,21,HCC_10147777_20171222.nii.gz,12,0.007388769377333422,0.03116976097226143,0.023233309388160706,0.0001,0.0,1,0,589824
B_source_hard_pseudo,1,22,22,HEM_PA34.nii.gz,20,0.004961543087847531,0.030393177643418312,0.021830402314662933,0.0001,0.0,1,0,589824
B_source_hard_pseudo,1,23,23,MET_PA13.nii.gz,20,0.004759979632217437,0.02198905125260353,0.020734285935759544,0.0001,0.0,1,0,589824
B_source_hard_pseudo,1,24,24,CYST_PA38.nii.gz,3,0.004609483138968547,0.04280093312263489,0.02009623497724533,0.0001,0.0,1,0,589824
B_source_hard_pseudo,1,25,25,MET_PA19.nii.gz,20,0.004572357202414423,0.020442917943000793,0.01897457055747509,0.0001,0.0,1,0,589824
B_source_hard_pseudo,1,26,26,CYST_PA20.nii.gz,12,0.009578139948037764,0.09320861101150513,0.019515059888362885,0.0001,0.0,1,0,589824
B_source_hard_pseudo,1,27,27,HEM_PA56.nii.gz,3,0.004815557971596718,0.029577765613794327,0.018594304099678993,0.0001,0.0,1,0,589824
B_source_hard_pseudo,1,28,28,HCC_10136895_20170421.nii.gz,15,0.009233287345462788,0.026880910620093346,0.01791978068649769,0.0001,0.0,1,0,589824
B_source_hard_pseudo,1,29,29,HCC_10076307_20130925.nii.gz,15,0.007869120330239336,0.0454593300819397,0.0178495142608881,0.0001,0.0,1,0,589824
B_source_hard_pseudo,1,30,30,CYST_PA19.nii.gz,20,0.0034104137856047602,0.010932546108961105,0.016571680083870888,0.0001,0.0,1,0,589824
B_source_hard_pseudo,2,1,31,HEM_PA34.nii.gz,20,0.003623653628164902,0.011374123394489288,0.015435581095516682,0.0001,0.0,1,0,589824
B_source_hard_pseudo,2,2,32,HCC_PA0.nii.gz,25,0.01204624041197011,0.0057120295241475105,0.014221998862922192,0.0001,0.0,1,0,589824
B_source_hard_pseudo,2,3,33,HEM_PA24.nii.gz,16,0.004101001532035298,0.016775989904999733,0.01352656539529562,0.0001,0.0,1,0,589824
B_source_hard_pseudo,2,4,34,CYST_PA37.nii.gz,16,0.004156912006111985,0.016088560223579407,0.012952891178429127,0.0001,0.0,1,0,589824
B_source_hard_pseudo,2,5,35,FNH_PA32.nii.gz,3,0.0044075725600123405,0.017547786235809326,0.012148363515734673,0.0001,0.0,1,0,589824
B_source_hard_pseudo,2,6,36,HCC_10142924_20170911.nii.gz,15,0.005561915948055685,0.01257728599011898,0.011541205458343029,0.0001,0.0,1,0,589824
B_source_hard_pseudo,2,7,37,HCC_10081574_20140213.nii.gz,12,0.00515055349872758,0.025936514139175415,0.011294424533843994,0.0001,0.0,1,0,589824
B_source_hard_pseudo,2,8,38,CYST_PA19.nii.gz,20,0.0031969735457096247,0.0068139019422233105,0.010481185279786587,0.0001,0.0,1,0,589824
B_source_hard_pseudo,2,9,39,MET_PA13.nii.gz,20,0.0034478223824407905,0.005996664520353079,0.009776969440281391,0.0001,0.0,1,0,589824
B_source_hard_pseudo,2,10,40,CYST_PA38.nii.gz,3,0.0031955332960933447,0.011314650997519493,0.009239804930984974,0.0001,0.0,1,0,589824
B_source_hard_pseudo,2,11,41,CYST_PA20.nii.gz,12,0.00690545147517696,0.027630355209112167,0.009386695921421051,0.0001,0.0,1,0,589824
B_source_hard_pseudo,2,12,42,HCC_10147777_20171222.nii.gz,12,0.004788852801236014,0.006292788311839104,0.008776741102337837,0.0001,0.0,1,0,589824
B_source_hard_pseudo,2,13,43,CYST_PA69.nii.gz,60,0.0081616192124784,0.006201137322932482,0.008134056814014912,0.0001,0.0,1,0,589824
B_source_hard_pseudo,2,14,44,HEM_PA99.nii.gz,80,0.01084593921113992,0.013098928146064281,0.007745782379060984,0.0001,0.0,1,0,589824
B_source_hard_pseudo,2,15,45,HEM_PA56.nii.gz,3,0.004138233683382471,0.012522033415734768,0.007280005142092705,0.0001,0.0,1,0,589824
B_source_hard_pseudo,2,16,46,HCC_10136895_20170421.nii.gz,15,0.00995950234355405,0.012323631905019283,0.0070984275080263615,0.0001,0.0,1,0,589824
B_source_hard_pseudo,2,17,47,ICC_PA18.nii.gz,20,0.008955022774508237,0.004656508099287748,0.006631249561905861,0.0001,0.0,1,0,589824
B_source_hard_pseudo,2,18,48,HEM_PA66.nii.gz,3,0.003365051389361421,0.0220294501632452,0.00650858273729682,0.0001,0.0,1,0,589824
B_source_hard_pseudo,2,19,49,FNH_PA10.nii.gz,20,0.006689039245247841,0.003184791887179017,0.006003882270306349,0.0001,0.0,1,0,589824
B_source_hard_pseudo,2,20,50,CYST_PA56.nii.gz,20,0.004876051624887623,0.0065659647807478905,0.005735420621931553,0.0001,0.0,1,0,589824
B_source_hard_pseudo,2,21,51,HCC_10074592_20130816.nii.gz,15,0.005564467121924584,0.007343260571360588,0.00548548623919487,0.0001,0.0,1,0,589824
B_source_hard_pseudo,2,22,52,CYST_PA74.nii.gz,20,0.00289338456641417,0.006824648939073086,0.005248100031167269,0.0001,0.0,1,0,589824
B_source_hard_pseudo,2,23,53,HEM_PA97.nii.gz,50,0.00948970579309389,0.0021436777897179127,0.0048276446759700775,0.0001,0.0,1,0,589824
B_source_hard_pseudo,2,24,54,MET_PA25.nii.gz,20,0.005511049220513087,0.060590676963329315,0.007178410422056913,0.0001,0.0,1,0,589824
B_source_hard_pseudo,2,25,55,CYST_PA54.nii.gz,2,0.004905459703877568,0.025140276178717613,0.006316445767879486,0.0001,0.0,1,0,589824
B_source_hard_pseudo,2,26,56,HCC_10140276_20170721.nii.gz,15,0.00694360559573397,0.005712473299354315,0.005836400203406811,0.0001,0.0,1,0,589824
B_source_hard_pseudo,2,27,57,HEM_PA13.nii.gz,20,0.0054848549763846675,0.0010094493627548218,0.005312381777912378,0.0001,0.0,1,0,589824
B_source_hard_pseudo,2,28,58,MET_PA19.nii.gz,20,0.00440832206096502,0.013279532082378864,0.005138564854860306,0.0001,0.0,1,0,589824
B_source_hard_pseudo,2,29,59,HCC_10076307_20130925.nii.gz,15,0.006561225210316479,0.012099663726985455,0.004874942358583212,0.0001,0.0,1,0,589824
B_source_hard_pseudo,2,30,60,CYST_PA53.nii.gz,2,0.005444876383990049,0.038696035742759705,0.005680693779140711,0.0001,0.0,1,0,589824
B_source_hard_pseudo,3,1,61,HEM_PA99.nii.gz,80,0.011225684112287127,0.006276060361415148,0.005324534140527248,0.0001,0.0,1,0,589824
B_source_hard_pseudo,3,2,62,ICC_PA18.nii.gz,20,0.009321798148785731,0.00347992149181664,0.004823711235076189,0.0001,0.0,1,0,589824
B_source_hard_pseudo,3,3,63,CYST_PA74.nii.gz,20,0.0028884095434477787,0.0038920955266803503,0.004476926289498806,0.0001,0.0,1,0,589824
B_source_hard_pseudo,3,4,64,HEM_PA34.nii.gz,20,0.0036548347503412514,0.0016857620794326067,0.00408140430226922,0.0001,0.0,1,0,589824
B_source_hard_pseudo,3,5,65,HCC_10140276_20170721.nii.gz,15,0.006975490863745411,0.004756146110594273,0.003753131488338113,0.0001,0.0,1,0,589824
B_source_hard_pseudo,3,6,66,HCC_PA0.nii.gz,25,0.014132567189048473,0.0010876775486394763,0.0034057428129017353,0.0001,0.0,1,0,589824
B_source_hard_pseudo,3,7,67,HEM_PA66.nii.gz,3,0.003102922773299118,0.013672062195837498,0.00352263986133039,0.0001,0.0,1,0,589824
B_source_hard_pseudo,3,8,68,HCC_10136895_20170421.nii.gz,15,0.01035198702593334,0.020879914984107018,0.00429511908441782,0.0001,0.0,1,0,589824
B_source_hard_pseudo,3,9,69,MET_PA19.nii.gz,20,0.004352660130826105,0.011712739244103432,0.004295367747545242,0.0001,0.0,1,0,589824
B_source_hard_pseudo,3,10,70,CYST_PA69.nii.gz,60,0.008401123141326631,0.002856350736692548,0.003994247410446405,0.0001,0.0,1,0,589824
B_source_hard_pseudo,3,11,71,CYST_PA37.nii.gz,16,0.003906555255442423,0.0059288847260177135,0.0037310009356588125,0.0001,0.0,1,0,589824
B_source_hard_pseudo,3,12,72,CYST_PA20.nii.gz,12,0.007168183277826756,0.01672525331377983,0.0036010064650326967,0.0001,0.0,1,0,589824
B_source_hard_pseudo,3,13,73,HCC_10074592_20130816.nii.gz,15,0.005607445921244411,0.005685567390173674,0.0033809172455221415,0.0001,0.0,1,0,589824
B_source_hard_pseudo,3,14,74,FNH_PA32.nii.gz,3,0.004105396646385391,0.011555020697414875,0.0033222362399101257,0.0001,0.0,1,0,589824
B_source_hard_pseudo,3,15,75,HCC_10142924_20170911.nii.gz,15,0.005780209969573965,0.005176236853003502,0.0030874544754624367,0.0001,0.0,1,0,589824
B_source_hard_pseudo,3,16,76,HCC_10147777_20171222.nii.gz,12,0.004811183627073963,0.002605225658044219,0.002868753159418702,0.0001,0.0,1,0,589824
B_source_hard_pseudo,3,17,77,CYST_PA53.nii.gz,2,0.0049970963736996055,0.03268291428685188,0.0046781818382442,0.0001,0.0,1,0,589824
B_source_hard_pseudo,3,18,78,MET_PA13.nii.gz,20,0.0035689286305569112,0.0024050376377999783,0.004260934889316559,0.0001,0.0,1,0,589824
B_source_hard_pseudo,3,19,79,HEM_PA56.nii.gz,3,0.0038616228848695755,0.007518301252275705,0.004206029232591391,0.0001,0.0,1,0,589824
B_source_hard_pseudo,3,20,80,HEM_PA97.nii.gz,50,0.009773528438527137,0.001138706924393773,0.0038221075665205717,0.0001,0.0,1,0,589824
B_source_hard_pseudo,3,21,81,MET_PA25.nii.gz,20,0.00427395159349544,0.02729780413210392,0.004557888954877853,0.0001,0.0,1,0,589824
B_source_hard_pseudo,3,22,82,HCC_10076307_20130925.nii.gz,15,0.006445888647188743,0.011956490576267242,0.004260559566318989,0.0001,0.0,1,0,589824
B_source_hard_pseudo,3,23,83,HEM_PA13.nii.gz,20,0.0053117629825464975,0.0007550747250206769,0.0038630482740700245,0.0001,0.0,1,0,589824
B_source_hard_pseudo,3,24,84,CYST_PA56.nii.gz,20,0.004865258775316761,0.005430076736956835,0.0036875379737466574,0.0001,0.0,1,0,589824
B_source_hard_pseudo,3,25,85,CYST_PA54.nii.gz,2,0.004383411258459091,0.02016472816467285,0.004602840170264244,0.0001,0.0,1,0,589824
B_source_hard_pseudo,3,26,86,CYST_PA38.nii.gz,3,0.002931125151614348,0.004976390860974789,0.004233828745782375,0.0001,0.0,1,0,589824
B_source_hard_pseudo,3,27,87,FNH_PA10.nii.gz,20,0.006083649041829631,0.0022857245057821274,0.0038242642767727375,0.0001,0.0,1,0,589824
B_source_hard_pseudo,3,28,88,HEM_PA24.nii.gz,16,0.003862890847813105,0.005321699660271406,0.0035646138712763786,0.0001,0.0,1,0,589824
B_source_hard_pseudo,3,29,89,HCC_10081574_20140213.nii.gz,12,0.0044497872004285455,0.010967793874442577,0.003403620095923543,0.0001,0.0,1,0,589824
B_source_hard_pseudo,3,30,90,CYST_PA19.nii.gz,20,0.003044061305990908,0.001730790943838656,0.0031085675582289696,0.0001,0.0,1,0,589824
B_source_hard_pseudo,4,1,91,ICC_PA18.nii.gz,20,0.008429050478262923,0.004350104834884405,0.0028731857892125845,0.0001,0.0,1,0,589824
B_source_hard_pseudo,4,2,92,HEM_PA34.nii.gz,20,0.003543296657153405,0.001583313336595893,0.002637080382555723,0.0001,0.0,1,0,589824
B_source_hard_pseudo,4,3,93,CYST_PA37.nii.gz,16,0.003761821334627824,0.006243602372705936,0.0026165747549384832,0.0001,0.0,1,0,589824
B_source_hard_pseudo,4,4,94,CYST_PA74.nii.gz,20,0.002755259070318061,0.0028221462853252888,0.002496863016858697,0.0001,0.0,1,0,589824
B_source_hard_pseudo,4,5,95,HCC_10142924_20170911.nii.gz,15,0.00560564393332849,0.0067264181561768055,0.0024665752425789833,0.0001,0.0,1,0,589824
B_source_hard_pseudo,4,6,96,FNH_PA32.nii.gz,3,0.003860719269141555,0.009872223250567913,0.002574013313278556,0.0001,0.0,1,0,589824
B_source_hard_pseudo,4,7,97,CYST_PA20.nii.gz,12,0.006897495070006698,0.015171409584581852,0.003149495692923665,0.0001,0.0,1,0,589824
B_source_hard_pseudo,4,8,98,FNH_PA10.nii.gz,20,0.005875447794096544,0.0022118203341960907,0.0028778717387467623,0.0001,0.0,1,0,589824
B_source_hard_pseudo,4,9,99,CYST_PA19.nii.gz,20,0.003006756419199519,0.0016241857083514333,0.002635168144479394,0.0001,0.0,1,0,589824
B_source_hard_pseudo,4,10,100,HCC_10081574_20140213.nii.gz,12,0.004392422696885963,0.010380467399954796,0.0026771866250783205,0.0001,0.0,1,0,589824
B_source_hard_pseudo,4,11,101,CYST_PA38.nii.gz,3,0.002848480944521725,0.005011976696550846,0.002590359654277563,0.0001,0.0,1,0,589824
B_source_hard_pseudo,4,12,102,HCC_PA0.nii.gz,25,0.012398275805980592,0.0013124466640874743,0.0023742506746202707,0.0001,0.0,1,0,589824
B_source_hard_pseudo,4,13,103,MET_PA25.nii.gz,20,0.0038663438142975794,0.01833399198949337,0.0033002332784235477,0.0001,0.0,1,0,589824
B_source_hard_pseudo,4,14,104,MET_PA19.nii.gz,20,0.004122539766831324,0.009311050176620483,0.003238816512748599,0.0001,0.0,1,0,589824
B_source_hard_pseudo,4,15,105,HCC_10136895_20170421.nii.gz,15,0.009994900769136924,0.00638807425275445,0.003201792947947979,0.0001,0.0,1,0,589824
B_source_hard_pseudo,4,16,106,HCC_10140276_20170721.nii.gz,15,0.006754004726341615,0.0029349797405302525,0.0029867738485336304,0.0001,0.0,1,0,589824
B_source_hard_pseudo,4,17,107,HEM_PA66.nii.gz,3,0.002768035279586911,0.008609306998550892,0.0029522874392569065,0.0001,0.0,1,0,589824
B_source_hard_pseudo,4,18,108,HEM_PA97.nii.gz,50,0.009097225351724773,0.000882204039953649,0.002698302734643221,0.0001,0.0,1,0,589824
B_source_hard_pseudo,4,19,109,HEM_PA56.nii.gz,3,0.003615605024000009,0.006053972523659468,0.002555968938395381,0.0001,0.0,1,0,589824
B_source_hard_pseudo,4,20,110,CYST_PA53.nii.gz,2,0.004385481006465852,0.026669247075915337,0.0036564262118190527,0.0001,0.0,1,0,589824
B_source_hard_pseudo,4,21,111,HCC_10147777_20171222.nii.gz,12,0.004621544930463036,0.002032460644841194,0.0033214869908988476,0.0001,0.0,1,0,589824
B_source_hard_pseudo,4,22,112,HEM_PA13.nii.gz,20,0.005164084394073143,0.000558862229809165,0.003006424754858017,0.0001,0.0,1,0,589824
B_source_hard_pseudo,4,23,113,HCC_10076307_20130925.nii.gz,15,0.006248210126068443,0.01024201512336731,0.0030973090324550867,0.0001,0.0,1,0,589824
B_source_hard_pseudo,4,24,114,CYST_PA56.nii.gz,20,0.004659437736700056,0.004475862253457308,0.003060074057430029,0.0001,0.0,1,0,589824
B_source_hard_pseudo,4,25,115,HEM_PA24.nii.gz,16,0.0037693130880143144,0.004058014135807753,0.002980659017339349,0.0001,0.0,1,0,589824
B_source_hard_pseudo,4,26,116,MET_PA13.nii.gz,20,0.0034513601422077045,0.0019517404725775123,0.0027629146352410316,0.0001,0.0,1,0,589824
B_source_hard_pseudo,4,27,117,CYST_PA69.nii.gz,60,0.0076602496696367445,0.001887385849840939,0.0024995726998895407,0.0001,0.0,1,0,589824
B_source_hard_pseudo,4,28,118,HCC_10074592_20130816.nii.gz,15,0.005323664653891076,0.00496516190469265,0.0023641723673790693,0.0001,0.0,1,0,589824
B_source_hard_pseudo,4,29,119,HEM_PA99.nii.gz,80,0.010030474985615,0.0035575830843299627,0.002371410373598337,0.0001,0.0,1,0,589824
B_source_hard_pseudo,4,30,120,CYST_PA54.nii.gz,2,0.003955451073125005,0.015987340360879898,0.0030013862997293472,0.0001,0.0,1,0,589824
B_source_hard_pseudo,5,1,121,HEM_PA99.nii.gz,80,0.00998520218909107,0.003340701339766383,0.0029707085341215134,0.0001,0.0,1,0,589824
B_source_hard_pseudo,5,2,122,CYST_PA19.nii.gz,20,0.002913335601624567,0.0013042555656284094,0.0027039824053645134,0.0001,0.0,1,0,589824
B_source_hard_pseudo,5,3,123,HEM_PA13.nii.gz,20,0.005067002224495809,0.0005128320190124214,0.002448729006573558,0.0001,0.0,1,0,589824
B_source_hard_pseudo,5,4,124,HCC_10076307_20130925.nii.gz,15,0.00614982262874643,0.009373767301440239,0.0027980294544249773,0.0001,0.0,1,0,589824
B_source_hard_pseudo,5,5,125,MET_PA25.nii.gz,20,0.003514416851430724,0.013124116696417332,0.003927139565348625,0.0001,0.0,1,0,589824
B_source_hard_pseudo,5,6,126,CYST_PA74.nii.gz,20,0.002667726160211714,0.0020379717461764812,0.003589802188798785,0.0001,0.0,1,0,589824
B_source_hard_pseudo,5,7,127,MET_PA19.nii.gz,20,0.004013949225191027,0.007409533951431513,0.0034000021405518055,0.0001,0.0,1,0,589824
B_source_hard_pseudo,5,8,128,HCC_10081574_20140213.nii.gz,12,0.004249445434349279,0.008978107012808323,0.0033199528697878122,0.0001,0.0,1,0,589824
B_source_hard_pseudo,5,9,129,HEM_PA97.nii.gz,50,0.007633180527536751,0.000758450769353658,0.003022620687261224,0.0001,0.0,1,0,589824
B_source_hard_pseudo,5,10,130,ICC_PA18.nii.gz,20,0.007680328068090603,0.004549338947981596,0.0028274483047425747,0.0001,0.0,1,0,589824
B_source_hard_pseudo,5,11,131,HEM_PA34.nii.gz,20,0.003456034537521191,0.0010194751666858792,0.00259625306352973,0.0001,0.0,1,0,589824
B_source_hard_pseudo,5,12,132,HEM_PA24.nii.gz,16,0.003707355135702528,0.0069726682268083096,0.0031069922260940075,0.0001,0.0,1,0,589824
B_source_hard_pseudo,5,13,133,MET_PA13.nii.gz,20,0.003404991414572578,0.0017583502922207117,0.002881600521504879,0.0001,0.0,1,0,589824
B_source_hard_pseudo,5,14,134,FNH_PA10.nii.gz,20,0.0053981724078767,0.001903028809465468,0.0026446746196597815,0.0001,0.0,1,0,589824
B_source_hard_pseudo,5,15,135,CYST_PA69.nii.gz,60,0.007604895716455454,0.0016406627837568521,0.002458274131640792,0.0001,0.0,1,0,589824
B_source_hard_pseudo,5,16,136,HCC_10142924_20170911.nii.gz,15,0.0053883085687023895,0.006874104496091604,0.0024327742867171764,0.0001,0.0,1,0,589824
B_source_hard_pseudo,5,17,137,HCC_10136895_20170421.nii.gz,15,0.009785910431916515,0.01663067936897278,0.003635789267718792,0.0001,0.0,1,0,589824
B_source_hard_pseudo,5,18,138,HCC_10140276_20170721.nii.gz,15,0.006620249447102348,0.002158980816602707,0.0033344354014843702,0.0001,0.0,1,0,589824
B_source_hard_pseudo,5,19,139,CYST_PA54.nii.gz,2,0.0038126532454043627,0.014881288632750511,0.003427723189815879,0.0001,0.0,1,0,589824
B_source_hard_pseudo,5,20,140,CYST_PA37.nii.gz,16,0.0036254331151826785,0.004479415714740753,0.003224574727937579,0.0001,0.0,1,0,589824
B_source_hard_pseudo,5,21,141,HCC_10074592_20130816.nii.gz,15,0.00526723249592275,0.004503725096583366,0.003005411708727479,0.0001,0.0,1,0,589824
B_source_hard_pseudo,5,22,142,HCC_PA0.nii.gz,25,0.011386787355877458,0.0014037661021575332,0.00274076359346509,0.0001,0.0,1,0,589824
B_source_hard_pseudo,5,23,143,HCC_10147777_20171222.nii.gz,12,0.004525247126972924,0.0015107362996786833,0.002533857012167573,0.0001,0.0,1,0,589824
B_source_hard_pseudo,5,24,144,CYST_PA38.nii.gz,3,0.0027182314855357013,0.005908202845603228,0.002443597186356783,0.0001,0.0,1,0,589824
B_source_hard_pseudo,5,25,145,HEM_PA56.nii.gz,3,0.0034233202847341695,0.0051942686550319195,0.0023298263549804688,0.0001,0.0,1,0,589824
B_source_hard_pseudo,5,26,146,CYST_PA56.nii.gz,20,0.004442402040149318,0.0033562942408025265,0.0022589359432458878,0.0001,0.0,1,0,589824
B_source_hard_pseudo,5,27,147,CYST_PA20.nii.gz,12,0.0066703071546119945,0.010309036821126938,0.0025582017842680216,0.0001,0.0,1,0,589824
B_source_hard_pseudo,5,28,148,FNH_PA32.nii.gz,3,0.0035727649616698423,0.008632870391011238,0.0025034218560904264,0.0001,0.0,1,0,589824
B_source_hard_pseudo,5,29,149,HEM_PA66.nii.gz,3,0.0025865357213964066,0.005585889331996441,0.0024400230031460524,0.0001,0.0,1,0,589824
B_source_hard_pseudo,5,30,150,CYST_PA53.nii.gz,2,0.0040199728682637215,0.01845588907599449,0.0032318306621164083,0.0001,0.0,1,0,589824
C_uncertainty_weighted_soft_pseudo,1,1,1,CYST_PA69.nii.gz,60,0.07007035954544942,0.14835935831069946,0.03717227652668953,0.0001,0.0,1,0,589824
C_uncertainty_weighted_soft_pseudo,1,2,2,CYST_PA37.nii.gz,16,0.14271697879303247,0.05504203960299492,0.03895344212651253,0.0001,0.0,1,0,589824
C_uncertainty_weighted_soft_pseudo,1,3,3,CYST_PA53.nii.gz,2,0.023224295116961002,0.0024037696421146393,0.030271155759692192,0.0001,0.0,1,0,589824
C_uncertainty_weighted_soft_pseudo,1,4,4,HEM_PA24.nii.gz,16,0.15147521207109094,0.27842503786087036,0.030140338465571404,0.0001,0.0,1,0,589824
C_uncertainty_weighted_soft_pseudo,1,5,5,CYST_PA74.nii.gz,20,0.07265772698447108,0.15290871262550354,0.03029339760541916,0.0001,0.0,1,0,589824
C_uncertainty_weighted_soft_pseudo,1,6,6,FNH_PA32.nii.gz,3,0.04053800366818905,0.01257786713540554,0.0267671849578619,0.0001,0.0,1,0,589824
C_uncertainty_weighted_soft_pseudo,1,7,7,HCC_10074592_20130816.nii.gz,15,0.11730571662386259,0.10764697194099426,0.02796814776957035,0.0001,0.0,1,0,589824
C_uncertainty_weighted_soft_pseudo,1,8,8,HCC_10142924_20170911.nii.gz,15,0.17094907288750014,4.261043548583984,0.024714218452572823,0.0001,0.0,1,0,589824
C_uncertainty_weighted_soft_pseudo,1,9,9,ICC_PA18.nii.gz,20,0.06077012335881591,0.0033214071299880743,0.021940678358078003,0.0001,0.0,1,0,589824
C_uncertainty_weighted_soft_pseudo,1,10,10,HCC_10081574_20140213.nii.gz,12,0.07819041175146897,0.09247880429029465,0.01956172101199627,0.0001,0.0,1,0,589824
C_uncertainty_weighted_soft_pseudo,1,11,11,FNH_PA10.nii.gz,20,0.044730715453624725,0.0031842300668358803,0.01753206178545952,0.0001,0.0,1,0,589824
C_uncertainty_weighted_soft_pseudo,1,12,12,HEM_PA66.nii.gz,3,0.0316159992168347,0.005320058669894934,0.015776658430695534,0.0001,0.0,1,0,589824
C_uncertainty_weighted_soft_pseudo,1,13,13,CYST_PA54.nii.gz,2,0.041328951716423035,0.008510767482221127,0.014241375029087067,0.0001,0.0,1,0,589824
C_uncertainty_weighted_soft_pseudo,1,14,14,CYST_PA56.nii.gz,20,0.0860472814179957,0.08796986937522888,0.013233480975031853,0.0001,0.0,1,0,589824
C_uncertainty_weighted_soft_pseudo,1,15,15,HCC_10140276_20170721.nii.gz,15,0.1426801608254512,2.948857307434082,0.015696797519922256,0.0001,0.0,1,0,589824
C_uncertainty_weighted_soft_pseudo,1,16,16,HEM_PA13.nii.gz,20,0.05139636136591434,0.025726106017827988,0.01438021007925272,0.0001,0.0,1,0,589824
C_uncertainty_weighted_soft_pseudo,1,17,17,HEM_PA99.nii.gz,80,0.18472669960465282,6.087334632873535,0.01877753809094429,0.0001,0.0,1,0,589824
C_uncertainty_weighted_soft_pseudo,1,18,18,MET_PA25.nii.gz,20,0.09175771540030837,0.4121223986148834,0.017365742474794388,0.0001,0.0,1,0,589824
C_uncertainty_weighted_soft_pseudo,1,19,19,HEM_PA97.nii.gz,50,0.06810722354799509,0.03828315809369087,0.01586063578724861,0.0001,0.0,1,0,589824
C_uncertainty_weighted_soft_pseudo,1,20,20,HCC_PA0.nii.gz,25,0.06389516837894917,0.002796904416754842,0.01442707423120737,0.0001,0.0,1,0,589824
C_uncertainty_weighted_soft_pseudo,1,21,21,HCC_10147777_20171222.nii.gz,12,0.05614644521847367,0.020889168605208397,0.013225262053310871,0.0001,0.0,1,0,589824
C_uncertainty_weighted_soft_pseudo,1,22,22,HEM_PA34.nii.gz,20,0.07978567825630307,0.05243940278887749,0.01224534772336483,0.0001,0.0,1,0,589824
C_uncertainty_weighted_soft_pseudo,1,23,23,MET_PA13.nii.gz,20,0.06124591625983701,0.03457827493548393,0.011423361487686634,0.0001,0.0,1,0,589824
C_uncertainty_weighted_soft_pseudo,1,24,24,CYST_PA38.nii.gz,3,0.028331944718956947,0.002899650251492858,0.010399440303444862,0.0001,0.0,1,0,589824
C_uncertainty_weighted_soft_pseudo,1,25,25,MET_PA19.nii.gz,20,0.06827745549380779,1.3078970909118652,0.011805146001279354,0.0001,0.0,1,0,589824
C_uncertainty_weighted_soft_pseudo,1,26,26,CYST_PA20.nii.gz,12,0.13913820373515287,0.11902911961078644,0.011940470896661282,0.0001,0.0,1,0,589824
C_uncertainty_weighted_soft_pseudo,1,27,27,HEM_PA56.nii.gz,3,0.030442388107379276,0.0037099276669323444,0.0109036760404706,0.0001,0.0,1,0,589824
C_uncertainty_weighted_soft_pseudo,1,28,28,HCC_10136895_20170421.nii.gz,15,0.16251628982524077,0.7717987298965454,0.01451792847365141,0.0001,0.0,1,0,589824
C_uncertainty_weighted_soft_pseudo,1,29,29,HCC_10076307_20130925.nii.gz,15,0.3023081701248884,30.007047653198242,0.02405475825071335,0.0001,0.0,1,0,589824
C_uncertainty_weighted_soft_pseudo,1,30,30,CYST_PA19.nii.gz,20,0.08027101615443825,0.032146699726581573,0.021982746198773384,0.0001,0.0,1,0,589824
C_uncertainty_weighted_soft_pseudo,2,1,31,HEM_PA34.nii.gz,20,0.07921708612702787,0.053233444690704346,0.020148636773228645,0.0001,0.0,1,0,589824
C_uncertainty_weighted_soft_pseudo,2,2,32,HCC_PA0.nii.gz,25,0.06389949906617404,0.0017906988505274057,0.018355876207351685,0.0001,0.0,1,0,589824
C_uncertainty_weighted_soft_pseudo,2,3,33,HEM_PA24.nii.gz,16,0.1510653905570507,0.24387750029563904,0.016962649300694466,0.0001,0.0,1,0,589824
C_uncertainty_weighted_soft_pseudo,2,4,34,CYST_PA37.nii.gz,16,0.15473886614199728,1.0477813482284546,0.015760768204927444,0.0001,0.0,1,0,589824
C_uncertainty_weighted_soft_pseudo,2,5,35,FNH_PA32.nii.gz,3,0.040444694459438324,0.0036143267061561346,0.01436021737754345,0.0001,0.0,1,0,589824
C_uncertainty_weighted_soft_pseudo,2,6,36,HCC_10142924_20170911.nii.gz,15,0.13784932295481364,0.2107905149459839,0.013581144623458385,0.0001,0.0,1,0,589824
C_uncertainty_weighted_soft_pseudo,2,7,37,HCC_10081574_20140213.nii.gz,12,0.07739597310622533,0.06945658475160599,0.012701665982604027,0.0001,0.0,1,0,589824
C_uncertainty_weighted_soft_pseudo,2,8,38,CYST_PA19.nii.gz,20,0.08213606690987944,0.1431146264076233,0.011876704171299934,0.0001,0.0,1,0,589824
C_uncertainty_weighted_soft_pseudo,2,9,39,MET_PA13.nii.gz,20,0.06032786193842665,0.03921027109026909,0.011072801426053047,0.0001,0.0,1,0,589824
C_uncertainty_weighted_soft_pseudo,2,10,40,CYST_PA38.nii.gz,3,0.028394450743993122,0.006197974551469088,0.010059677064418793,0.0001,0.0,1,0,589824
C_uncertainty_weighted_soft_pseudo,2,11,41,CYST_PA20.nii.gz,12,0.1363962716422975,0.13704577088356018,0.010198310017585754,0.0001,0.0,1,0,589824
C_uncertainty_weighted_soft_pseudo,2,12,42,HCC_10147777_20171222.nii.gz,12,0.05585342335204283,0.010552598163485527,0.009244008921086788,0.0001,0.0,1,0,589824
C_uncertainty_weighted_soft_pseudo,2,13,43,CYST_PA69.nii.gz,60,0.07035546489059925,0.024880249053239822,0.008632559329271317,0.0001,0.0,1,0,589824
C_uncertainty_weighted_soft_pseudo,2,14,44,HEM_PA99.nii.gz,80,0.0959917412372306,0.2693306505680084,0.008320196531713009,0.0001,0.0,1,0,589824
C_uncertainty_weighted_soft_pseudo,2,15,45,HEM_PA56.nii.gz,3,0.030443680783112843,0.0017188888741657138,0.007565230596810579,0.0001,0.0,1,0,589824
C_uncertainty_weighted_soft_pseudo,2,16,46,HCC_10136895_20170421.nii.gz,15,0.1661357067525387,1.0528814792633057,0.010847133584320545,0.0001,0.0,1,0,589824
C_uncertainty_weighted_soft_pseudo,2,17,47,ICC_PA18.nii.gz,20,0.06087532630190253,0.00782818254083395,0.009837881661951542,0.0001,0.0,1,0,589824
C_uncertainty_weighted_soft_pseudo,2,18,48,HEM_PA66.nii.gz,3,0.03160041570663452,0.004228544887155294,0.008931496180593967,0.0001,0.0,1,0,589824
C_uncertainty_weighted_soft_pseudo,2,19,49,FNH_PA10.nii.gz,20,0.04508729437366128,0.02058490552008152,0.007987745106220245,0.0001,0.0,1,0,589824
C_uncertainty_weighted_soft_pseudo,2,20,50,CYST_PA56.nii.gz,20,0.08274892130866647,0.09998617321252823,0.007679959759116173,0.0001,0.0,1,0,589824
C_uncertainty_weighted_soft_pseudo,2,21,51,HCC_10074592_20130816.nii.gz,15,0.12094735329349836,0.4108250141143799,0.008201263844966888,0.0001,0.0,1,0,589824
C_uncertainty_weighted_soft_pseudo,2,22,52,CYST_PA74.nii.gz,20,0.10675563784316182,9.16185188293457,0.02001352608203888,0.0001,0.0,1,0,589824
C_uncertainty_weighted_soft_pseudo,2,23,53,HEM_PA97.nii.gz,50,0.06679301545023918,0.0375828891992569,0.018142934888601303,0.0001,0.0,1,0,589824
C_uncertainty_weighted_soft_pseudo,2,24,54,MET_PA25.nii.gz,20,0.0916220374405384,0.5488241314888,0.015792788937687874,0.0001,0.0,1,0,589824
C_uncertainty_weighted_soft_pseudo,2,25,55,CYST_PA54.nii.gz,2,0.041405072435736656,0.01324082724750042,0.014352775178849697,0.0001,0.0,1,0,589824
C_uncertainty_weighted_soft_pseudo,2,26,56,HCC_10140276_20170721.nii.gz,15,0.16774858261148134,0.14749950170516968,0.012961329892277718,0.0001,0.0,1,0,589824
C_uncertainty_weighted_soft_pseudo,2,27,57,HEM_PA13.nii.gz,20,0.051242201775312426,0.026379944756627083,0.011767670512199402,0.0001,0.0,1,0,589824
C_uncertainty_weighted_soft_pseudo,2,28,58,MET_PA19.nii.gz,20,0.07791396901011467,0.19993457198143005,0.010886939242482185,0.0001,0.0,1,0,589824
C_uncertainty_weighted_soft_pseudo,2,29,59,HCC_10076307_20130925.nii.gz,15,0.15985020796457927,0.32702165842056274,0.010399816557765007,0.0001,0.0,1,0,589824
C_uncertainty_weighted_soft_pseudo,2,30,60,CYST_PA53.nii.gz,2,0.023228978738188744,0.0026396606117486954,0.009439622983336449,0.0001,0.0,1,0,589824
C_uncertainty_weighted_soft_pseudo,3,1,61,HEM_PA99.nii.gz,80,0.09790930729359389,0.18888266384601593,0.008608545176684856,0.0001,0.0,1,0,589824
C_uncertainty_weighted_soft_pseudo,3,2,62,ICC_PA18.nii.gz,20,0.06089638406410813,0.008590618148446083,0.007807927671819925,0.0001,0.0,1,0,589824
C_uncertainty_weighted_soft_pseudo,3,3,63,CYST_PA74.nii.gz,20,0.11449186196550727,0.36842143535614014,0.00651879608631134,0.0001,0.0,1,0,589824
C_uncertainty_weighted_soft_pseudo,3,4,64,HEM_PA34.nii.gz,20,0.07770807472988964,0.06946301460266113,0.006053056567907333,0.0001,0.0,1,0,589824
C_uncertainty_weighted_soft_pseudo,3,5,65,HCC_10140276_20170721.nii.gz,15,0.1684489584217469,0.1773785650730133,0.0060718064196407795,0.0001,0.0,1,0,589824
C_uncertainty_weighted_soft_pseudo,3,6,66,HCC_PA0.nii.gz,25,0.06411318894475698,0.010871228761970997,0.005498316138982773,0.0001,0.0,1,0,589824
C_uncertainty_weighted_soft_pseudo,3,7,67,HEM_PA66.nii.gz,3,0.03159144769112269,0.0044213831424713135,0.004985498264431953,0.0001,0.0,1,0,589824
C_uncertainty_weighted_soft_pseudo,3,8,68,HCC_10136895_20170421.nii.gz,15,0.16877652493615944,1.1633777618408203,0.007304752711206675,0.0001,0.0,1,0,589824
C_uncertainty_weighted_soft_pseudo,3,9,69,MET_PA19.nii.gz,20,0.07690305216237903,0.17181406915187836,0.006903298199176788,0.0001,0.0,1,0,589824
C_uncertainty_weighted_soft_pseudo,3,10,70,CYST_PA69.nii.gz,60,0.0704879547158877,0.050567496567964554,0.006425381638109684,0.0001,0.0,1,0,589824
C_uncertainty_weighted_soft_pseudo,3,11,71,CYST_PA37.nii.gz,16,0.17702868941705674,0.3461528718471527,0.006150965113192797,0.0001,0.0,1,0,589824
C_uncertainty_weighted_soft_pseudo,3,12,72,CYST_PA20.nii.gz,12,0.13421695524205765,0.14449681341648102,0.0063005308620631695,0.0001,0.0,1,0,589824
C_uncertainty_weighted_soft_pseudo,3,13,73,HCC_10074592_20130816.nii.gz,15,0.12700830201307933,0.22055260837078094,0.005955104250460863,0.0001,0.0,1,0,589824
C_uncertainty_weighted_soft_pseudo,3,14,74,FNH_PA32.nii.gz,3,0.04058362605671088,0.019052160903811455,0.005362155381590128,0.0001,0.0,1,0,589824
C_uncertainty_weighted_soft_pseudo,3,15,75,HCC_10142924_20170911.nii.gz,15,0.13754744368294874,0.26736703515052795,0.006067924667149782,0.0001,0.0,1,0,589824
C_uncertainty_weighted_soft_pseudo,3,16,76,HCC_10147777_20171222.nii.gz,12,0.056525648571550846,0.06605499237775803,0.005266646388918161,0.0001,0.0,1,0,589824
C_uncertainty_weighted_soft_pseudo,3,17,77,CYST_PA53.nii.gz,2,0.023251217789947987,0.0035760009195655584,0.004771397914737463,0.0001,0.0,1,0,589824
C_uncertainty_weighted_soft_pseudo,3,18,78,MET_PA13.nii.gz,20,0.05927535510503361,0.03573339805006981,0.004503920208662748,0.0001,0.0,1,0,589824
C_uncertainty_weighted_soft_pseudo,3,19,79,HEM_PA56.nii.gz,3,0.03048572347809871,0.006687737535685301,0.004071670118719339,0.0001,0.0,1,0,589824
C_uncertainty_weighted_soft_pseudo,3,20,80,HEM_PA97.nii.gz,50,0.06733883936463826,0.05414110794663429,0.004022400360554457,0.0001,0.0,1,0,589824
C_uncertainty_weighted_soft_pseudo,3,21,81,MET_PA25.nii.gz,20,0.10259438072023004,0.21186058223247528,0.0041429102420806885,0.0001,0.0,1,0,589824
C_uncertainty_weighted_soft_pseudo,3,22,82,HCC_10076307_20130925.nii.gz,15,0.15639146057267983,0.2479276806116104,0.004625709727406502,0.0001,0.0,1,0,589824
C_uncertainty_weighted_soft_pseudo,3,23,83,HEM_PA13.nii.gz,20,0.05172268544514567,0.05839229002594948,0.003938041161745787,0.0001,0.0,1,0,589824
C_uncertainty_weighted_soft_pseudo,3,24,84,CYST_PA56.nii.gz,20,0.08134336726583664,0.09731425344944,0.003943103365600109,0.0001,0.0,1,0,589824
C_uncertainty_weighted_soft_pseudo,3,25,85,CYST_PA54.nii.gz,2,0.04143779259175062,0.017218032851815224,0.003548337845131755,0.0001,0.0,1,0,589824
C_uncertainty_weighted_soft_pseudo,3,26,86,CYST_PA38.nii.gz,3,0.028529196977615356,0.015207696706056595,0.0032044018153101206,0.0001,0.0,1,0,589824
C_uncertainty_weighted_soft_pseudo,3,27,87,FNH_PA10.nii.gz,20,0.04564012801274657,0.05445479229092598,0.0027353300247341394,0.0001,0.0,1,0,589824
C_uncertainty_weighted_soft_pseudo,3,28,88,HEM_PA24.nii.gz,16,0.14647937973495573,0.20381176471710205,0.003324233926832676,0.0001,0.0,1,0,589824
C_uncertainty_weighted_soft_pseudo,3,29,89,HCC_10081574_20140213.nii.gz,12,0.07635055808350444,0.03710667043924332,0.0029319277964532375,0.0001,0.0,1,0,589824
C_uncertainty_weighted_soft_pseudo,3,30,90,CYST_PA19.nii.gz,20,0.08241345137357711,0.0652359127998352,0.0030555801931768656,0.0001,0.0,1,0,589824
C_uncertainty_weighted_soft_pseudo,4,1,91,ICC_PA18.nii.gz,20,0.06123212855309248,0.030807409435510635,0.002709542866796255,0.0001,0.0,1,0,589824
C_uncertainty_weighted_soft_pseudo,4,2,92,HEM_PA34.nii.gz,20,0.07667482374235987,0.05474001169204712,0.0028403867036104202,0.0001,0.0,1,0,589824
C_uncertainty_weighted_soft_pseudo,4,3,93,CYST_PA37.nii.gz,16,0.17591295845340937,0.33882489800453186,0.00345615460537374,0.0001,0.0,1,0,589824
C_uncertainty_weighted_soft_pseudo,4,4,94,CYST_PA74.nii.gz,20,0.11804604716598988,0.2880432903766632,0.003602846758440137,0.0001,0.0,1,0,589824
C_uncertainty_weighted_soft_pseudo,4,5,95,HCC_10142924_20170911.nii.gz,15,0.13397816444436708,0.26436659693717957,0.0047341822646558285,0.0001,0.0,1,0,589824
C_uncertainty_weighted_soft_pseudo,4,6,96,FNH_PA32.nii.gz,3,0.04080053480962912,0.035454798489809036,0.004223377909511328,0.0001,0.0,1,0,589824
C_uncertainty_weighted_soft_pseudo,4,7,97,CYST_PA20.nii.gz,12,0.1322223385795951,0.05160914361476898,0.0040668160654604435,0.0001,0.0,1,0,589824
C_uncertainty_weighted_soft_pseudo,4,8,98,FNH_PA10.nii.gz,20,0.04596519097685814,0.06852834671735764,0.0034670373424887657,0.0001,0.0,1,0,589824
C_uncertainty_weighted_soft_pseudo,4,9,99,CYST_PA19.nii.gz,20,0.08204843336716294,0.06318677961826324,0.0036108780186623335,0.0001,0.0,1,0,589824
C_uncertainty_weighted_soft_pseudo,4,10,100,HCC_10081574_20140213.nii.gz,12,0.07661869221677382,0.06316361576318741,0.003144684014841914,0.0001,0.0,1,0,589824
C_uncertainty_weighted_soft_pseudo,4,11,101,CYST_PA38.nii.gz,3,0.02856614502767722,0.0163270290941,0.0028624460101127625,0.0001,0.0,1,0,589824
C_uncertainty_weighted_soft_pseudo,4,12,102,HCC_PA0.nii.gz,25,0.06473215524107218,0.041850555688142776,0.0025918970350176096,0.0001,0.0,1,0,589824
C_uncertainty_weighted_soft_pseudo,4,13,103,MET_PA25.nii.gz,20,0.10094939554146665,0.26418808102607727,0.003106147749349475,0.0001,0.0,1,0,589824
C_uncertainty_weighted_soft_pseudo,4,14,104,MET_PA19.nii.gz,20,0.07622095635160804,0.1597352772951126,0.003079075366258621,0.0001,0.0,1,0,589824
C_uncertainty_weighted_soft_pseudo,4,15,105,HCC_10136895_20170421.nii.gz,15,0.15823489800095558,2.851635694503784,0.011692186817526817,0.0001,0.0,1,0,589824
C_uncertainty_weighted_soft_pseudo,4,16,106,HCC_10140276_20170721.nii.gz,15,0.16466075032949448,0.2174614667892456,0.010942773893475533,0.0001,0.0,1,0,589824
C_uncertainty_weighted_soft_pseudo,4,17,107,HEM_PA66.nii.gz,3,0.031704639395078026,0.010756381787359715,0.009900269098579884,0.0001,0.0,1,0,589824
C_uncertainty_weighted_soft_pseudo,4,18,108,HEM_PA97.nii.gz,50,0.06679163111675734,0.03782125562429428,0.008963014930486679,0.0001,0.0,1,0,589824
C_uncertainty_weighted_soft_pseudo,4,19,109,HEM_PA56.nii.gz,3,0.030537760506073635,0.009422123432159424,0.00811217911541462,0.0001,0.0,1,0,589824
C_uncertainty_weighted_soft_pseudo,4,20,110,CYST_PA53.nii.gz,2,0.023283498361706734,0.004116368014365435,0.007338301278650761,0.0001,0.0,1,0,589824
C_uncertainty_weighted_soft_pseudo,4,21,111,HCC_10147777_20171222.nii.gz,12,0.057238682017972074,0.09721498936414719,0.006813097279518843,0.0001,0.0,1,0,589824
C_uncertainty_weighted_soft_pseudo,4,22,112,HEM_PA13.nii.gz,20,0.05198172965945243,0.070236936211586,0.006347804330289364,0.0001,0.0,1,0,589824
C_uncertainty_weighted_soft_pseudo,4,23,113,HCC_10076307_20130925.nii.gz,15,0.15428347202638784,0.21145877242088318,0.006132203154265881,0.0001,0.0,1,0,589824
C_uncertainty_weighted_soft_pseudo,4,24,114,CYST_PA56.nii.gz,20,0.08013213052800353,0.09315958619117737,0.005861072335392237,0.0001,0.0,1,0,589824
C_uncertainty_weighted_soft_pseudo,4,25,115,HEM_PA24.nii.gz,16,0.14840300707146525,0.395698606967926,0.0057282112538814545,0.0001,0.0,1,0,589824
C_uncertainty_weighted_soft_pseudo,4,26,116,MET_PA13.nii.gz,20,0.05870547893913312,0.027625685557723045,0.005246404092758894,0.0001,0.0,1,0,589824
C_uncertainty_weighted_soft_pseudo,4,27,117,CYST_PA69.nii.gz,60,0.06985269316177498,0.04804123938083649,0.004914022050797939,0.0001,0.0,1,0,589824
C_uncertainty_weighted_soft_pseudo,4,28,118,HCC_10074592_20130816.nii.gz,15,0.1286048627148072,0.15889094769954681,0.004709447268396616,0.0001,0.0,1,0,589824
C_uncertainty_weighted_soft_pseudo,4,29,119,HEM_PA99.nii.gz,80,0.09866652223281562,0.050316061824560165,0.004436717834323645,0.0001,0.0,1,0,589824
C_uncertainty_weighted_soft_pseudo,4,30,120,CYST_PA54.nii.gz,2,0.04147458728402853,0.015167620964348316,0.0040277885273098946,0.0001,0.0,1,0,589824
C_uncertainty_weighted_soft_pseudo,5,1,121,HEM_PA99.nii.gz,80,0.09867005415726453,0.048782385885715485,0.0038989714812487364,0.0001,0.0,1,0,589824
C_uncertainty_weighted_soft_pseudo,5,2,122,CYST_PA19.nii.gz,20,0.08099785055965185,0.10419461876153946,0.003983494825661182,0.0001,0.0,1,0,589824
C_uncertainty_weighted_soft_pseudo,5,3,123,HEM_PA13.nii.gz,20,0.051762353917490865,0.05821841582655907,0.003637787187471986,0.0001,0.0,1,0,589824
C_uncertainty_weighted_soft_pseudo,5,4,124,HCC_10076307_20130925.nii.gz,15,0.15327287962039313,0.18336628377437592,0.004269895143806934,0.0001,0.0,1,0,589824
C_uncertainty_weighted_soft_pseudo,5,5,125,MET_PA25.nii.gz,20,0.10348090210251563,0.18139329552650452,0.003968075383454561,0.0001,0.0,1,0,589824
C_uncertainty_weighted_soft_pseudo,5,6,126,CYST_PA74.nii.gz,20,0.11829615095630289,0.25718340277671814,0.003777085104957223,0.0001,0.0,1,0,589824
C_uncertainty_weighted_soft_pseudo,5,7,127,MET_PA19.nii.gz,20,0.0750932639464736,0.12856191396713257,0.0038702846504747868,0.0001,0.0,1,0,589824
C_uncertainty_weighted_soft_pseudo,5,8,128,HCC_10081574_20140213.nii.gz,12,0.07666135082642238,0.04273669794201851,0.0034664750564843416,0.0001,0.0,1,0,589824
C_uncertainty_weighted_soft_pseudo,5,9,129,HEM_PA97.nii.gz,50,0.06713717373306281,0.05302119627594948,0.0033590588718652725,0.0001,0.0,1,0,589824
C_uncertainty_weighted_soft_pseudo,5,10,130,ICC_PA18.nii.gz,20,0.06128473598510027,0.02908855304121971,0.00301523064263165,0.0001,0.0,1,0,589824
C_uncertainty_weighted_soft_pseudo,5,11,131,HEM_PA34.nii.gz,20,0.0758152527268976,0.05112678185105324,0.003074934473261237,0.0001,0.0,1,0,589824
C_uncertainty_weighted_soft_pseudo,5,12,132,HEM_PA24.nii.gz,16,0.14628835767507553,0.343864768743515,0.0044546271674335,0.0001,0.0,1,0,589824
C_uncertainty_weighted_soft_pseudo,5,13,133,MET_PA13.nii.gz,20,0.058496209663522335,0.02631562389433384,0.004160148091614246,0.0001,0.0,1,0,589824
C_uncertainty_weighted_soft_pseudo,5,14,134,FNH_PA10.nii.gz,20,0.0460096063092351,0.06485480070114136,0.003673726925626397,0.0001,0.0,1,0,589824
C_uncertainty_weighted_soft_pseudo,5,15,135,CYST_PA69.nii.gz,60,0.06958924452757619,0.04615141823887825,0.0035567597951740026,0.0001,0.0,1,0,589824
C_uncertainty_weighted_soft_pseudo,5,16,136,HCC_10142924_20170911.nii.gz,15,0.13131406406561533,0.2596776485443115,0.004852252081036568,0.0001,0.0,1,0,589824
C_uncertainty_weighted_soft_pseudo,5,17,137,HCC_10136895_20170421.nii.gz,15,0.17530866923431557,0.3835935890674591,0.0059525934047997,0.0001,0.0,1,0,589824
C_uncertainty_weighted_soft_pseudo,5,18,138,HCC_10140276_20170721.nii.gz,15,0.16015440399448078,0.2820691168308258,0.0072526633739471436,0.0001,0.0,1,0,589824
C_uncertainty_weighted_soft_pseudo,5,19,139,CYST_PA54.nii.gz,2,0.041515130549669266,0.01594563014805317,0.006505961529910564,0.0001,0.0,1,0,589824
C_uncertainty_weighted_soft_pseudo,5,20,140,CYST_PA37.nii.gz,16,0.17353893478866667,0.330174058675766,0.006858968175947666,0.0001,0.0,1,0,589824
C_uncertainty_weighted_soft_pseudo,5,21,141,HCC_10074592_20130816.nii.gz,15,0.12893605070809525,0.17785871028900146,0.005945904646068811,0.0001,0.0,1,0,589824
C_uncertainty_weighted_soft_pseudo,5,22,142,HCC_PA0.nii.gz,25,0.06489877048879862,0.0420336052775383,0.005260481033474207,0.0001,0.0,1,0,589824
C_uncertainty_weighted_soft_pseudo,5,23,143,HCC_10147777_20171222.nii.gz,12,0.05756617166722814,0.1075524389743805,0.004561634734272957,0.0001,0.0,1,0,589824
C_uncertainty_weighted_soft_pseudo,5,24,144,CYST_PA38.nii.gz,3,0.02861476068695386,0.015205034986138344,0.004123261198401451,0.0001,0.0,1,0,589824
C_uncertainty_weighted_soft_pseudo,5,25,145,HEM_PA56.nii.gz,3,0.030589107734461624,0.009438971988856792,0.0037262060213834047,0.0001,0.0,1,0,589824
C_uncertainty_weighted_soft_pseudo,5,26,146,CYST_PA56.nii.gz,20,0.07842712051894125,0.09024598449468613,0.0039018860552459955,0.0001,0.0,1,0,589824
C_uncertainty_weighted_soft_pseudo,5,27,147,CYST_PA20.nii.gz,12,0.13207229257871708,0.10993985086679459,0.0036847570445388556,0.0001,0.0,1,0,589824
C_uncertainty_weighted_soft_pseudo,5,28,148,FNH_PA32.nii.gz,3,0.040818359702825546,0.030273178592324257,0.003383032977581024,0.0001,0.0,1,0,589824
C_uncertainty_weighted_soft_pseudo,5,29,149,HEM_PA66.nii.gz,3,0.03178794433673223,0.011904283426702023,0.0030777265783399343,0.0001,0.0,1,0,589824
C_uncertainty_weighted_soft_pseudo,5,30,150,CYST_PA53.nii.gz,2,0.02331846859306097,0.0034672641195356846,0.002788140205666423,0.0001,0.0,1,0,589824
