case,method,scope,requested_coverage,eligible_voxels,retained_voxels,retained_correct,retained_error,retained_tp,retained_fp,retained_tn,retained_fn,total_tp,total_tn,total_fp,total_fn,actual_coverage,pseudo_label_accuracy,precision,recall,positive_dice,fn_rejection_rate,fn_retention_rate
CYST_PA62.nii.gz,confidence_only,global,1.0,28311552,28311552,28077550,234002,392984,60444,27684566,173558,392984,27684566,60444,173558,1.0,0.9917347519486038,,,,,
CYST_PA62.nii.gz,confidence_only,global,0.95,28311552,26895976,26860000,35976,73493,1225,26786507,34751,392984,27684566,60444,173558,0.9500000565140335,0.998662402137777,,,,,
CYST_PA62.nii.gz,confidence_only,global,0.9,28311552,25480396,25477910,2486,10720,0,25467190,2486,392984,27684566,60444,173558,0.8999999717429832,0.9999024347973242,,,,,
CYST_PA62.nii.gz,confidence_only,global,0.8,28311552,22649240,22648985,255,719,0,22648266,255,392984,27684566,60444,173558,0.7999999434859665,0.9999887413440804,,,,,
CYST_PA62.nii.gz,confidence_only,global,0.7,28311552,19818088,19818021,67,47,0,19817974,67,392984,27684566,60444,173558,0.7000000565140335,0.9999966192500508,,,,,
CYST_PA62.nii.gz,confidence_only,global,0.6,28311552,16986932,16986916,16,0,0,16986916,16,392984,27684566,60444,173558,0.6000000282570168,0.999999058099485,,,,,
CYST_PA62.nii.gz,confidence_only,predicted_negative,1.0,27858124,27858124,27684566,173558,0,0,27684566,173558,392984,27684566,60444,173558,1.0,0.993769932246694,,,,0.0,1.0
CYST_PA62.nii.gz,confidence_only,predicted_negative,0.95,27858124,26465219,26460399,4820,0,0,26460399,4820,392984,27684566,60444,173558,0.950000043075406,0.9998178741691123,,,,0.972228304082785,0.027771695917214994
CYST_PA62.nii.gz,confidence_only,predicted_negative,0.9,27858124,25072311,25071221,1090,0,0,25071221,1090,392984,27684566,60444,173558,0.8999999784622971,0.9999565257466693,,,,0.9937196787241153,0.006280321275884719
CYST_PA62.nii.gz,confidence_only,predicted_negative,0.8,27858124,22286499,22286335,164,0,0,22286335,164,392984,27684566,60444,173558,0.7999999928207657,0.9999926412847527,,,,0.9990550709272981,0.0009449290727019209
CYST_PA62.nii.gz,confidence_only,predicted_negative,0.7,27858124,19500687,19500638,49,0,0,19500638,49,392984,27684566,60444,173558,0.7000000071792343,0.9999974872680126,,,,0.9997176736307171,0.000282326369282891
CYST_PA62.nii.gz,confidence_only,predicted_negative,0.6,27858124,16714875,16714867,8,0,0,16714867,8,392984,27684566,60444,173558,0.6000000215377029,0.9999995213843956,,,,0.9999539058988925,4.609410110741078e-05
CYST_PA62.nii.gz,confidence_only,predicted_positive,1.0,453428,453428,392984,60444,392984,60444,0,0,392984,27684566,60444,173558,1.0,0.8666954841783039,0.8666954841783039,1.0,0.7705795268488289,,
CYST_PA62.nii.gz,confidence_only,predicted_positive,0.95,453428,430757,377783,52974,377783,52974,0,0,392984,27684566,60444,173558,0.9500008821687236,0.8770211511362555,0.8770211511362555,0.9613190358895018,0.7693387014330545,,
CYST_PA62.nii.gz,confidence_only,predicted_positive,0.9,453428,408085,361533,46552,361533,46552,0,0,392984,27684566,60444,173558,0.8999995589156382,0.88592572625801,0.88592572625801,0.9199687519084746,0.7666289218555179,,
CYST_PA62.nii.gz,confidence_only,predicted_positive,0.8,453428,362743,326859,35884,326859,35884,0,0,392984,27684566,60444,173558,0.8000013232530854,0.9010759683853307,0.9010759683853307,0.8317361521079739,0.757354372306409,,
CYST_PA62.nii.gz,confidence_only,predicted_positive,0.7,453428,317399,289739,27660,289739,27660,0,0,392984,27684566,60444,173558,0.6999986767469146,0.9128541677825072,0.9128541677825072,0.7372793803310058,0.7422581901277834,,
CYST_PA62.nii.gz,confidence_only,predicted_positive,0.6,453428,272057,251091,20966,251091,20966,0,0,392984,27684566,60444,173558,0.6000004410843618,0.9229352672417912,0.9229352672417912,0.6389344095433911,0.7207947111120042,,
CYST_PA62.nii.gz,joint_average,global,1.0,28311552,28311552,28077550,234002,392984,60444,27684566,173558,392984,27684566,60444,173558,1.0,0.9917347519486038,,,,,
CYST_PA62.nii.gz,joint_average,global,0.95,28311552,26895976,26838828,57148,51142,960,26787686,56188,392984,27684566,60444,173558,0.9500000565140335,0.9978752211855038,,,,,
CYST_PA62.nii.gz,joint_average,global,0.9,28311552,25480396,25460115,20281,10668,0,25449447,20281,392984,27684566,60444,173558,0.8999999717429832,0.9992040547564488,,,,,
CYST_PA62.nii.gz,joint_average,global,0.8,28311552,22649240,22640701,8539,5255,0,22635446,8539,392984,27684566,60444,173558,0.7999999434859665,0.9996229895572655,,,,,
CYST_PA62.nii.gz,joint_average,global,0.7,28311552,19818088,19814654,3434,5153,0,19809501,3434,392984,27684566,60444,173558,0.7000000565140335,0.9998267239503629,,,,,
CYST_PA62.nii.gz,joint_average,global,0.6,28311552,16986932,16985791,1141,5147,0,16980644,1141,392984,27684566,60444,173558,0.6000000282570168,0.9999328307195201,,,,,
CYST_PA62.nii.gz,joint_average,predicted_negative,1.0,27858124,27858124,27684566,173558,0,0,27684566,173558,392984,27684566,60444,173558,1.0,0.993769932246694,,,,0.0,1.0
CYST_PA62.nii.gz,joint_average,predicted_negative,0.95,27858124,26465219,26439613,25606,0,0,26439613,25606,392984,27684566,60444,173558,0.950000043075406,0.9990324659697696,,,,0.852464305880455,0.14753569411954506
CYST_PA62.nii.gz,joint_average,predicted_negative,0.9,27858124,25072311,25056868,15443,0,0,25056868,15443,392984,27684566,60444,173558,0.8999999784622971,0.9993840615649671,,,,0.911021099574782,0.08897890042521808
CYST_PA62.nii.gz,joint_average,predicted_negative,0.8,27858124,22286499,22279668,6831,0,0,22279668,6831,392984,27684566,60444,173558,0.7999999928207657,0.9996934915618644,,,,0.9606413994169096,0.03935860058309038
CYST_PA62.nii.gz,joint_average,predicted_negative,0.7,27858124,19500687,19497987,2700,0,0,19497987,2700,392984,27684566,60444,173558,0.7000000071792343,0.9998615433394731,,,,0.9844432408762489,0.015556759123751138
CYST_PA62.nii.gz,joint_average,predicted_negative,0.6,27858124,16714875,16713964,911,0,0,16713964,911,392984,27684566,60444,173558,0.6000000215377029,0.999945497648053,,,,0.9947510342363935,0.0052489657636064025
CYST_PA62.nii.gz,joint_average,predicted_positive,1.0,453428,453428,392984,60444,392984,60444,0,0,392984,27684566,60444,173558,1.0,0.8666954841783039,0.8666954841783039,1.0,0.7705795268488289,,
CYST_PA62.nii.gz,joint_average,predicted_positive,0.95,453428,430757,378841,51916,378841,51916,0,0,392984,27684566,60444,173558,0.9500008821687236,0.8794772923016921,0.8794772923016921,0.9640112574557743,0.7706630483870311,,
CYST_PA62.nii.gz,joint_average,predicted_positive,0.9,453428,408085,363356,44729,363356,44729,0,0,392984,27684566,60444,173558,0.8999995589156382,0.890392932844873,0.890392932844873,0.9246076176129308,0.7690082211727208,,
CYST_PA62.nii.gz,joint_average,predicted_positive,0.8,453428,362743,329217,33526,329217,33526,0,0,392984,27684566,60444,173558,0.8000013232530854,0.9075764384150763,0.9075764384150763,0.8377363963927285,0.760739811303751,,
CYST_PA62.nii.gz,joint_average,predicted_positive,0.7,453428,317399,291854,25545,291854,25545,0,0,392984,27684566,60444,173558,0.6999986767469146,0.9195177048446908,0.9195177048446908,0.7426612788306903,0.7456563589423245,,
CYST_PA62.nii.gz,joint_average,predicted_positive,0.6,453428,272057,252798,19259,252798,19259,0,0,392984,27684566,60444,173558,0.6000004410843618,0.9292096876757444,0.9292096876757444,0.6432780978360442,0.7239212328521949,,
CYST_PA62.nii.gz,joint_min,global,1.0,28311552,28311552,28077550,234002,392984,60444,27684566,173558,392984,27684566,60444,173558,1.0,0.9917347519486038,,,,,
CYST_PA62.nii.gz,joint_min,global,0.95,28311552,26895976,26843026,52950,71319,1998,26771707,50952,392984,27684566,60444,173558,0.9500000565140335,0.9980313040136561,,,,,
CYST_PA62.nii.gz,joint_min,global,0.9,28311552,25480396,25475443,4953,17343,0,25458100,4953,392984,27684566,60444,173558,0.8999999717429832,0.999805615265948,,,,,
CYST_PA62.nii.gz,joint_min,global,0.8,28311552,22649240,22648528,712,3645,0,22644883,712,392984,27684566,60444,173558,0.7999999434859665,0.9999685640666088,,,,,
CYST_PA62.nii.gz,joint_min,global,0.7,28311552,19818088,19817974,114,1104,0,19816870,114,392984,27684566,60444,173558,0.7000000565140335,0.9999942476791909,,,,,
CYST_PA62.nii.gz,joint_min,global,0.6,28311552,16986932,16986916,16,286,0,16986630,16,392984,27684566,60444,173558,0.6000000282570168,0.999999058099485,,,,,
CYST_PA62.nii.gz,joint_min,predicted_negative,1.0,27858124,27858124,27684566,173558,0,0,27684566,173558,392984,27684566,60444,173558,1.0,0.993769932246694,,,,0.0,1.0
CYST_PA62.nii.gz,joint_min,predicted_negative,0.95,27858124,26465219,26452071,13148,0,0,26452071,13148,392984,27684566,60444,173558,0.950000043075406,0.9995031970073628,,,,0.9242443448299704,0.07575565517002962
CYST_PA62.nii.gz,joint_min,predicted_negative,0.9,27858124,25072311,25069753,2558,0,0,25069753,2558,392984,27684566,60444,173558,0.8999999784622971,0.9998979751008992,,,,0.9852614111709054,0.014738588829094597
CYST_PA62.nii.gz,joint_min,predicted_negative,0.8,27858124,22286499,22286064,435,0,0,22286064,435,392984,27684566,60444,173558,0.7999999928207657,0.9999804814565088,,,,0.9974936332522846,0.002506366747715461
CYST_PA62.nii.gz,joint_min,predicted_negative,0.7,27858124,19500687,19500614,73,0,0,19500614,73,392984,27684566,60444,173558,0.7000000071792343,0.9999962565421413,,,,0.9995793913273949,0.00042060867260512334
CYST_PA62.nii.gz,joint_min,predicted_negative,0.6,27858124,16714875,16714862,13,0,0,16714862,13,392984,27684566,60444,173558,0.6000000215377029,0.9999992222496429,,,,0.9999250970857004,7.490291429954251e-05
CYST_PA62.nii.gz,joint_min,predicted_positive,1.0,453428,453428,392984,60444,392984,60444,0,0,392984,27684566,60444,173558,1.0,0.8666954841783039,0.8666954841783039,1.0,0.7705795268488289,,
CYST_PA62.nii.gz,joint_min,predicted_positive,0.95,453428,430757,378681,52076,378681,52076,0,0,392984,27684566,60444,173558,0.9500008821687236,0.8791058531840458,0.8791058531840458,0.9636041161981149,0.7704629520364275,,
CYST_PA62.nii.gz,joint_min,predicted_positive,0.9,453428,408085,362984,45101,362984,45101,0,0,392984,27684566,60444,173558,0.8999995589156382,0.8894813580504062,0.8894813580504062,0.9236610141888728,0.7685234489380465,,
CYST_PA62.nii.gz,joint_min,predicted_positive,0.8,453428,362743,329934,32809,329934,32809,0,0,392984,27684566,60444,173558,0.8000013232530854,0.9095530444419327,0.9095530444419327,0.8395608981536143,0.7617655716982112,,
CYST_PA62.nii.gz,joint_min,predicted_positive,0.7,453428,317399,294343,23056,294343,23056,0,0,392984,27684566,60444,173558,0.6999986767469146,0.9273595695008491,0.9273595695008491,0.7489948700201535,0.7496319877753724,,
CYST_PA62.nii.gz,joint_min,predicted_positive,0.6,453428,272057,255902,16155,255902,16155,0,0,392984,27684566,60444,173558,0.6000004410843618,0.9406190614466822,0.9406190614466822,0.6511766382346355,0.7295674944441831,,
CYST_PA62.nii.gz,joint_product,global,1.0,28311552,28311552,28077550,234002,392984,60444,27684566,173558,392984,27684566,60444,173558,1.0,0.9917347519486038,,,,,
CYST_PA62.nii.gz,joint_product,global,0.95,28311552,26895976,26840862,55114,54131,434,26786731,54680,392984,27684566,60444,173558,0.9500000565140335,0.9979508458811831,,,,,
CYST_PA62.nii.gz,joint_product,global,0.9,28311552,25480396,25471516,8880,9699,0,25461817,8880,392984,27684566,60444,173558,0.8999999717429832,0.9996514967820751,,,,,
CYST_PA62.nii.gz,joint_product,global,0.8,28311552,22649240,22648435,805,4645,0,22643790,805,392984,27684566,60444,173558,0.7999999434859665,0.9999644579685676,,,,,
CYST_PA62.nii.gz,joint_product,global,0.7,28311552,19818088,19817976,112,2372,0,19815604,112,392984,27684566,60444,173558,0.7000000565140335,0.9999943485970998,,,,,
CYST_PA62.nii.gz,joint_product,global,0.6,28311552,16986932,16986913,19,1271,0,16985642,19,392984,27684566,60444,173558,0.6000000282570168,0.9999988814931384,,,,,
CYST_PA62.nii.gz,joint_product,predicted_negative,1.0,27858124,27858124,27684566,173558,0,0,27684566,173558,392984,27684566,60444,173558,1.0,0.993769932246694,,,,0.0,1.0
CYST_PA62.nii.gz,joint_product,predicted_negative,0.95,27858124,26465219,26449769,15450,0,0,26449769,15450,392984,27684566,60444,173558,0.950000043075406,0.9994162149196649,,,,0.9109807672363129,0.08901923276368706
CYST_PA62.nii.gz,joint_product,predicted_negative,0.9,27858124,25072311,25068190,4121,0,0,25068190,4121,392984,27684566,60444,173558,0.8999999784622971,0.9998356354147011,,,,0.9762557761670451,0.023744223832954978
CYST_PA62.nii.gz,joint_product,predicted_negative,0.8,27858124,22286499,22286023,476,0,0,22286023,476,392984,27684566,60444,173558,0.7999999928207657,0.9999786417776969,,,,0.9972574009841091,0.0027425990158909414
CYST_PA62.nii.gz,joint_product,predicted_negative,0.7,27858124,19500687,19500619,68,0,0,19500619,68,392984,27684566,60444,173558,0.7000000071792343,0.9999965129433646,,,,0.999608200140587,0.00039179985941299164
CYST_PA62.nii.gz,joint_product,predicted_negative,0.6,27858124,16714875,16714859,16,0,0,16714859,16,392984,27684566,60444,173558,0.6000000215377029,0.9999990427687913,,,,0.9999078117977852,9.218820221482155e-05
CYST_PA62.nii.gz,joint_product,predicted_positive,1.0,453428,453428,392984,60444,392984,60444,0,0,392984,27684566,60444,173558,1.0,0.8666954841783039,0.8666954841783039,1.0,0.7705795268488289,,
CYST_PA62.nii.gz,joint_product,predicted_positive,0.95,453428,430757,379036,51721,379036,51721,0,0,392984,27684566,60444,173558,0.9500008821687236,0.8799299837263237,0.8799299837263237,0.9645074608635467,0.7709068277756366,,
CYST_PA62.nii.gz,joint_product,predicted_positive,0.9,453428,408085,363803,44282,363803,44282,0,0,392984,27684566,60444,173558,0.8999995589156382,0.8914882928801597,0.8914882928801597,0.9257450685015166,0.7695902251424196,,
CYST_PA62.nii.gz,joint_product,predicted_positive,0.8,453428,362743,330431,32312,330431,32312,0,0,392984,27684566,60444,173558,0.8000013232530854,0.9109231604744957,0.9109231604744957,0.8408255806852187,0.762475597993382,,
CYST_PA62.nii.gz,joint_product,predicted_positive,0.7,453428,317399,293716,23683,293716,23683,0,0,392984,27684566,60444,173558,0.6999986767469146,0.9253841379462443,0.9253841379462443,0.7473993852167009,0.7486328699980757,,
CYST_PA62.nii.gz,joint_product,predicted_positive,0.6,453428,272057,254729,17328,254729,17328,0,0,392984,27684566,60444,173558,0.6000004410843618,0.9363074649797652,0.9363074649797652,0.6481917838894204,0.7274396582251008,,
CYST_PA62.nii.gz,world_only,global,1.0,28311552,28311552,28077550,234002,392984,60444,27684566,173558,392984,27684566,60444,173558,1.0,0.9917347519486038,,,,,
CYST_PA62.nii.gz,world_only,global,0.95,28311552,26895976,26820205,75771,75388,3486,26744817,72285,392984,27684566,60444,173558,0.9500000565140335,0.9971828127746694,,,,,
CYST_PA62.nii.gz,world_only,global,0.9,28311552,25480396,25426884,53512,38306,1026,25388578,52486,392984,27684566,60444,173558,0.8999999717429832,0.9978998756534239,,,,,
CYST_PA62.nii.gz,world_only,global,0.8,28311552,22649240,22608308,40932,23223,229,22585085,40703,392984,27684566,60444,173558,0.7999999434859665,0.9981927870427441,,,,,
CYST_PA62.nii.gz,world_only,global,0.7,28311552,19818088,19787669,30419,15322,6,19772347,30413,392984,27684566,60444,173558,0.7000000565140335,0.9984650890640914,,,,,
CYST_PA62.nii.gz,world_only,global,0.6,28311552,16986932,16965803,21129,9428,0,16956375,21129,392984,27684566,60444,173558,0.6000000282570168,0.998756161501088,,,,,
CYST_PA62.nii.gz,world_only,predicted_negative,1.0,27858124,27858124,27684566,173558,0,0,27684566,173558,392984,27684566,60444,173558,1.0,0.993769932246694,,,,0.0,1.0
CYST_PA62.nii.gz,world_only,predicted_negative,0.95,27858124,26465219,26407872,57347,0,0,26407872,57347,392984,27684566,60444,173558,0.950000043075406,0.9978331182522994,,,,0.6695801979741642,0.33041980202583576
CYST_PA62.nii.gz,world_only,predicted_negative,0.9,27858124,25072311,25023878,48433,0,0,25023878,48433,392984,27684566,60444,173558,0.8999999784622971,0.998068267420582,,,,0.7209405501330968,0.2790594498669033
CYST_PA62.nii.gz,world_only,predicted_negative,0.8,27858124,22286499,22248478,38021,0,0,22248478,38021,392984,27684566,60444,173558,0.7999999928207657,0.9982939895584317,,,,0.7809320227243919,0.21906797727560814
CYST_PA62.nii.gz,world_only,predicted_negative,0.7,27858124,19500687,19472504,28183,0,0,19472504,28183,392984,27684566,60444,173558,0.7000000071792343,0.9985547688653226,,,,0.8376162435612302,0.16238375643876976
CYST_PA62.nii.gz,world_only,predicted_negative,0.6,27858124,16714875,16695167,19708,0,0,16695167,19708,392984,27684566,60444,173558,0.6000000215377029,0.9988209304586484,,,,0.8864471819218935,0.11355281807810645
CYST_PA62.nii.gz,world_only,predicted_positive,1.0,453428,453428,392984,60444,392984,60444,0,0,392984,27684566,60444,173558,1.0,0.8666954841783039,0.8666954841783039,1.0,0.7705795268488289,,
CYST_PA62.nii.gz,world_only,predicted_positive,0.95,453428,430757,378903,51854,378903,51854,0,0,392984,27684566,60444,173558,0.9500008821687236,0.8796212249597801,0.8796212249597801,0.9641690246931173,0.7707405682157975,,
CYST_PA62.nii.gz,world_only,predicted_positive,0.9,453428,408085,362924,45161,362924,45161,0,0,392984,27684566,60444,173558,0.8999995589156382,0.8893343298577502,0.8893343298577502,0.9235083362172506,0.7684452241079776,,
CYST_PA62.nii.gz,world_only,predicted_positive,0.8,453428,362743,327942,34801,327942,34801,0,0,392984,27684566,60444,173558,0.8000013232530854,0.9040615532208753,0.9040615532208753,0.8344919894957555,0.7589115561248398,,
CYST_PA62.nii.gz,world_only,predicted_positive,0.7,453428,317399,289836,27563,289836,27563,0,0,392984,27684566,60444,173558,0.6999986767469146,0.913159776810891,0.913159776810891,0.7375262097184618,0.7424144427524325,,
CYST_PA62.nii.gz,world_only,predicted_positive,0.6,453428,272057,250189,21868,250189,21868,0,0,392984,27684566,60444,173558,0.6000004410843618,0.9196197855596437,0.9196197855596437,0.6366391507033365,0.7191364234755765,,
HEM_PA107.nii.gz,confidence_only,global,1.0,28311552,28311552,28105931,205621,384220,18092,27721711,187529,384220,27721711,18092,187529,1.0,0.9927372049402308,,,,,
HEM_PA107.nii.gz,confidence_only,global,0.95,28311552,26895976,26868030,27946,20124,246,26847906,27700,384220,27721711,18092,187529,0.9500000565140335,0.9989609598104936,,,,,
HEM_PA107.nii.gz,confidence_only,global,0.9,28311552,25480396,25476846,3550,53,0,25476793,3550,384220,27721711,18092,187529,0.8999999717429832,0.9998606772045459,,,,,
HEM_PA107.nii.gz,confidence_only,global,0.8,28311552,22649240,22647464,1776,0,0,22647464,1776,384220,27721711,18092,187529,0.7999999434859665,0.9999215867728896,,,,,
HEM_PA107.nii.gz,confidence_only,global,0.7,28311552,19818088,19816667,1421,0,0,19816667,1421,384220,27721711,18092,187529,0.7000000565140335,0.9999282978257035,,,,,
HEM_PA107.nii.gz,confidence_only,global,0.6,28311552,16986932,16985645,1287,0,0,16985645,1287,384220,27721711,18092,187529,0.6000000282570168,0.9999242358773203,,,,,
HEM_PA107.nii.gz,confidence_only,predicted_negative,1.0,27909240,27909240,27721711,187529,0,0,27721711,187529,384220,27721711,18092,187529,1.0,0.9932807557640408,,,,0.0,1.0
HEM_PA107.nii.gz,confidence_only,predicted_negative,0.95,27909240,26513779,26508061,5718,0,0,26508061,5718,384220,27721711,18092,187529,0.9500000358304275,0.9997843385509096,,,,0.9695087159852609,0.030491284014739054
HEM_PA107.nii.gz,confidence_only,predicted_negative,0.9,27909240,25118316,25115635,2681,0,0,25115635,2681,384220,27721711,18092,187529,0.9,0.9998932651376788,,,,0.9857035445184478,0.014296455481552187
HEM_PA107.nii.gz,confidence_only,predicted_negative,0.8,27909240,22327391,22325729,1662,0,0,22325729,1662,384220,27721711,18092,187529,0.7999999641695725,0.9999255622835647,,,,0.9911373707533235,0.008862629246676515
HEM_PA107.nii.gz,confidence_only,predicted_negative,0.7,27909240,19536469,19535082,1387,0,0,19535082,1387,384220,27721711,18092,187529,0.7000000358304275,0.9999290045708874,,,,0.9926038106106255,0.007396189389374443
HEM_PA107.nii.gz,confidence_only,predicted_negative,0.6,27909240,16745545,16744269,1276,0,0,16744269,1276,384220,27721711,18092,187529,0.6000000358304275,0.9999238006287643,,,,0.9931957190621183,0.006804280937881608
HEM_PA107.nii.gz,confidence_only,predicted_positive,1.0,402312,402312,384220,18092,384220,18092,0,0,384220,27721711,18092,187529,1.0,0.9550299270218139,0.9550299270218139,1.0,0.7889033643683506,,
HEM_PA107.nii.gz,confidence_only,predicted_positive,0.95,402312,382197,367107,15090,367107,15090,0,0,384220,27721711,18092,187529,0.9500014913798246,0.9605177434673742,0.9605177434673742,0.9554604133048774,0.7837191900797688,,
HEM_PA107.nii.gz,confidence_only,predicted_positive,0.9,402312,362080,349201,12879,349201,12879,0,0,384220,27721711,18092,187529,0.8999980114935672,0.9644305125939019,0.9644305125939019,0.9088569048982353,0.7770296280637732,,
HEM_PA107.nii.gz,confidence_only,predicted_positive,0.8,402312,321850,312512,9338,312512,9338,0,0,384220,27721711,18092,187529,0.8000009942532164,0.9709864843871369,0.9709864843871369,0.8133673416271927,0.7604706706850421,,
HEM_PA107.nii.gz,confidence_only,predicted_positive,0.7,402312,281619,274658,6961,274658,6961,0,0,384220,27721711,18092,187529,0.7000014913798246,0.9752822075215095,0.9752822075215095,0.7148456613398574,0.7385205282022462,,
HEM_PA107.nii.gz,confidence_only,predicted_positive,0.6,402312,241387,236184,5203,236184,5203,0,0,384220,27721711,18092,187529,0.5999995028733918,0.9784454009536553,0.9784454009536553,0.6147103222112331,0.7102210193955796,,
HEM_PA107.nii.gz,joint_average,global,1.0,28311552,28311552,28105931,205621,384220,18092,27721711,187529,384220,27721711,18092,187529,1.0,0.9927372049402308,,,,,
HEM_PA107.nii.gz,joint_average,global,0.95,28311552,26895976,26859448,36528,29790,1346,26829658,35182,384220,27721711,18092,187529,0.9500000565140335,0.9986418786215455,,,,,
HEM_PA107.nii.gz,joint_average,global,0.9,28311552,25480396,25474777,5619,7026,331,25467751,5288,384220,27721711,18092,187529,0.8999999717429832,0.9997794775246036,,,,,
HEM_PA107.nii.gz,joint_average,global,0.8,28311552,22649240,22647067,2173,7019,230,22640048,1943,384220,27721711,18092,187529,0.7999999434859665,0.9999040585909285,,,,,
HEM_PA107.nii.gz,joint_average,global,0.7,28311552,19818088,19816359,1729,7019,228,19809340,1501,384220,27721711,18092,187529,0.7000000565140335,0.9999127564677278,,,,,
HEM_PA107.nii.gz,joint_average,global,0.6,28311552,16986932,16985817,1115,7019,228,16978798,887,384220,27721711,18092,187529,0.6000000282570168,0.9999343613078571,,,,,
HEM_PA107.nii.gz,joint_average,predicted_negative,1.0,27909240,27909240,27721711,187529,0,0,27721711,187529,384220,27721711,18092,187529,1.0,0.9932807557640408,,,,0.0,1.0
HEM_PA107.nii.gz,joint_average,predicted_negative,0.95,27909240,26513779,26504657,9122,0,0,26504657,9122,384220,27721711,18092,187529,0.9500000358304275,0.9996559524766349,,,,0.9513568568061473,0.048643143193852684
HEM_PA107.nii.gz,joint_average,predicted_negative,0.9,27909240,25118316,25114594,3722,0,0,25114594,3722,384220,27721711,18092,187529,0.9,0.9998518212765537,,,,0.980152403094988,0.019847596905012026
HEM_PA107.nii.gz,joint_average,predicted_negative,0.8,27909240,22327391,22325567,1824,0,0,22325567,1824,384220,27721711,18092,187529,0.7999999641695725,0.9999183066216738,,,,0.9902735043646582,0.009726495635341734
HEM_PA107.nii.gz,joint_average,predicted_negative,0.7,27909240,19536469,19535005,1464,0,0,19535005,1464,384220,27721711,18092,187529,0.7000000358304275,0.9999250632240657,,,,0.9921932074505809,0.007806792549419023
HEM_PA107.nii.gz,joint_average,predicted_negative,0.6,27909240,16745545,16744677,868,0,0,16744677,868,384220,27721711,18092,187529,0.6000000358304275,0.9999481653179995,,,,0.9953713825594974,0.004628617440502535
HEM_PA107.nii.gz,joint_average,predicted_positive,1.0,402312,402312,384220,18092,384220,18092,0,0,384220,27721711,18092,187529,1.0,0.9550299270218139,0.9550299270218139,1.0,0.7889033643683506,,
HEM_PA107.nii.gz,joint_average,predicted_positive,0.95,402312,382197,367912,14285,367912,14285,0,0,384220,27721711,18092,187529,0.9500014913798246,0.9626239871061258,0.9626239871061258,0.9575555671230025,0.7847634161584748,,
HEM_PA107.nii.gz,joint_average,predicted_positive,0.9,402312,362080,350188,11892,350188,11892,0,0,384220,27721711,18092,187529,0.8999980114935672,0.9671564295183385,0.9671564295183385,0.9114257456665452,0.7783711214862908,,
HEM_PA107.nii.gz,joint_average,predicted_positive,0.8,402312,321850,312767,9083,312767,9083,0,0,384220,27721711,18092,187529,0.8000009942532164,0.9717787789342861,0.9717787789342861,0.8140310238925615,0.7608551279213182,,
HEM_PA107.nii.gz,joint_average,predicted_positive,0.7,402312,281619,274183,7436,274183,7436,0,0,384220,27721711,18092,187529,0.7000014913798246,0.9735955315514934,0.9735955315514934,0.7136093904533861,0.7377144233188176,,
HEM_PA107.nii.gz,joint_average,predicted_positive,0.6,402312,241387,235328,6059,235328,6059,0,0,384220,27721711,18092,187529,0.5999995028733918,0.9748992282103013,0.9748992282103013,0.6124824319400344,0.7085589030536972,,
HEM_PA107.nii.gz,joint_min,global,1.0,28311552,28311552,28105931,205621,384220,18092,27721711,187529,384220,27721711,18092,187529,1.0,0.9927372049402308,,,,,
HEM_PA107.nii.gz,joint_min,global,0.95,28311552,26895976,26857287,38689,40291,678,26816996,38011,384220,27721711,18092,187529,0.9500000565140335,0.9985615320299215,,,,,
HEM_PA107.nii.gz,joint_min,global,0.9,28311552,25480396,25475963,4433,1466,11,25474497,4422,384220,27721711,18092,187529,0.8999999717429832,0.9998260231120427,,,,,
HEM_PA107.nii.gz,joint_min,global,0.8,28311552,22649240,22647256,1984,0,0,22647256,1984,384220,27721711,18092,187529,0.7999999434859665,0.9999124032417864,,,,,
HEM_PA107.nii.gz,joint_min,global,0.7,28311552,19818088,19816504,1584,0,0,19816504,1584,384220,27721711,18092,187529,0.7000000565140335,0.9999200730161255,,,,,
HEM_PA107.nii.gz,joint_min,global,0.6,28311552,16986932,16985962,970,0,0,16985962,970,384220,27721711,18092,187529,0.6000000282570168,0.9999428972812748,,,,,
HEM_PA107.nii.gz,joint_min,predicted_negative,1.0,27909240,27909240,27721711,187529,0,0,27721711,187529,384220,27721711,18092,187529,1.0,0.9932807557640408,,,,0.0,1.0
HEM_PA107.nii.gz,joint_min,predicted_negative,0.95,27909240,26513779,26506151,7628,0,0,26506151,7628,384220,27721711,18092,187529,0.9500000358304275,0.9997123005362608,,,,0.9593236246127266,0.040676375387273436
HEM_PA107.nii.gz,joint_min,predicted_negative,0.9,27909240,25118316,25115048,3268,0,0,25115048,3268,384220,27721711,18092,187529,0.9,0.999869895736641,,,,0.9825733619866794,0.017426638013320606
HEM_PA107.nii.gz,joint_min,predicted_negative,0.8,27909240,22327391,22325522,1869,0,0,22325522,1869,384220,27721711,18092,187529,0.7999999641695725,0.9999162911600374,,,,0.990033541478918,0.009966458521082073
HEM_PA107.nii.gz,joint_min,predicted_negative,0.7,27909240,19536469,19534931,1538,0,0,19534931,1538,384220,27721711,18092,187529,0.7000000358304275,0.9999212754362111,,,,0.9917986018162525,0.00820139818374758
HEM_PA107.nii.gz,joint_min,predicted_negative,0.6,27909240,16745545,16744599,946,0,0,16744599,946,384220,27721711,18092,187529,0.6000000358304275,0.9999435073627045,,,,0.9949554468908809,0.005044553109119123
HEM_PA107.nii.gz,joint_min,predicted_positive,1.0,402312,402312,384220,18092,384220,18092,0,0,384220,27721711,18092,187529,1.0,0.9550299270218139,0.9550299270218139,1.0,0.7889033643683506,,
HEM_PA107.nii.gz,joint_min,predicted_positive,0.95,402312,382197,366591,15606,366591,15606,0,0,384220,27721711,18092,187529,0.9500014913798246,0.9591676543771929,0.9591676543771929,0.954117432720837,0.7830489033094561,,
HEM_PA107.nii.gz,joint_min,predicted_positive,0.9,402312,362080,348439,13641,348439,13641,0,0,384220,27721711,18092,187529,0.8999980114935672,0.9623260053026955,0.9623260053026955,0.9068736661287804,0.7759919291619156,,
HEM_PA107.nii.gz,joint_min,predicted_positive,0.8,402312,321850,311427,10423,311427,10423,0,0,384220,27721711,18092,187529,0.8000009942532164,0.9676153487649526,0.9676153487649526,0.8105434386549373,0.7588321722794424,,
HEM_PA107.nii.gz,joint_min,predicted_positive,0.7,402312,281619,273750,7869,273750,7869,0,0,384220,27721711,18092,187529,0.7000014913798246,0.9720579932461944,0.9720579932461944,0.7124824319400344,0.736978696940899,,
HEM_PA107.nii.gz,joint_min,predicted_positive,0.6,402312,241387,235322,6065,235322,6065,0,0,384220,27721711,18092,187529,0.5999995028733918,0.9748743718592965,0.9748743718592965,0.6124668158867316,0.7085472375865277,,
HEM_PA107.nii.gz,joint_product,global,1.0,28311552,28311552,28105931,205621,384220,18092,27721711,187529,384220,27721711,18092,187529,1.0,0.9927372049402308,,,,,
HEM_PA107.nii.gz,joint_product,global,0.95,28311552,26895976,26861315,34661,28932,662,26832383,33999,384220,27721711,18092,187529,0.9500000565140335,0.9987112942099592,,,,,
HEM_PA107.nii.gz,joint_product,global,0.9,28311552,25480396,25477181,3215,5986,189,25471195,3026,384220,27721711,18092,187529,0.8999999717429832,0.9998738245669337,,,,,
HEM_PA107.nii.gz,joint_product,global,0.8,28311552,22649240,22647491,1749,621,9,22646870,1740,384220,27721711,18092,187529,0.7999999434859665,0.9999227788658692,,,,,
HEM_PA107.nii.gz,joint_product,global,0.7,28311552,19818088,19816579,1509,5,0,19816574,1509,384220,27721711,18092,187529,0.7000000565140335,0.9999238574377104,,,,,
HEM_PA107.nii.gz,joint_product,global,0.6,28311552,16986932,16986006,926,0,0,16986006,926,384220,27721711,18092,187529,0.6000000282570168,0.9999454875076912,,,,,
HEM_PA107.nii.gz,joint_product,predicted_negative,1.0,27909240,27909240,27721711,187529,0,0,27721711,187529,384220,27721711,18092,187529,1.0,0.9932807557640408,,,,0.0,1.0
HEM_PA107.nii.gz,joint_product,predicted_negative,0.95,27909240,26513779,26507689,6090,0,0,26507689,6090,384220,27721711,18092,187529,0.9500000358304275,0.9997703081103603,,,,0.9675250227964741,0.03247497720352586
HEM_PA107.nii.gz,joint_product,predicted_negative,0.9,27909240,25118316,25115988,2328,0,0,25115988,2328,384220,27721711,18092,187529,0.9,0.9999073186275704,,,,0.9875859200443665,0.012414079955633529
HEM_PA107.nii.gz,joint_product,predicted_negative,0.8,27909240,22327391,22325704,1687,0,0,22325704,1687,384220,27721711,18092,187529,0.7999999641695725,0.9999244425826556,,,,0.9910040580390233,0.008995941960976703
HEM_PA107.nii.gz,joint_product,predicted_negative,0.7,27909240,19536469,19534990,1479,0,0,19534990,1479,384220,27721711,18092,187529,0.7000000358304275,0.9999242954292303,,,,0.9921132198220008,0.007886780177999136
HEM_PA107.nii.gz,joint_product,predicted_negative,0.6,27909240,16745545,16744636,909,0,0,16744636,909,384220,27721711,18092,187529,0.6000000358304275,0.9999457169056009,,,,0.9951527497080451,0.004847250291954844
HEM_PA107.nii.gz,joint_product,predicted_positive,1.0,402312,402312,384220,18092,384220,18092,0,0,384220,27721711,18092,187529,1.0,0.9550299270218139,0.9550299270218139,1.0,0.7889033643683506,,
HEM_PA107.nii.gz,joint_product,predicted_positive,0.95,402312,382197,367281,14916,367281,14916,0,0,384220,27721711,18092,187529,0.9500014913798246,0.9609730060675515,0.9609730060675515,0.9559132788506585,0.7839450505705934,,
HEM_PA107.nii.gz,joint_product,predicted_positive,0.9,402312,362080,349453,12627,349453,12627,0,0,384220,27721711,18092,187529,0.8999980114935672,0.9651264913831198,0.9651264913831198,0.9095127791369528,0.7773724170301937,,
HEM_PA107.nii.gz,joint_product,predicted_positive,0.8,402312,321850,312275,9575,312275,9575,0,0,384220,27721711,18092,187529,0.8000009942532164,0.970250116513904,0.970250116513904,0.8127505075217324,0.7601131376467467,,
HEM_PA107.nii.gz,joint_product,predicted_positive,0.7,402312,281619,274005,7614,274005,7614,0,0,384220,27721711,18092,187529,0.7000014913798246,0.9729634719248346,0.9729634719248346,0.7131461142054032,0.7374120806886334,,
HEM_PA107.nii.gz,joint_product,predicted_positive,0.6,402312,241387,235202,6185,235202,6185,0,0,384220,27721711,18092,187529,0.5999995028733918,0.9743772448392001,0.9743772448392001,0.6121544948206756,0.7083138839784496,,
HEM_PA107.nii.gz,world_only,global,1.0,28311552,28311552,28105931,205621,384220,18092,27721711,187529,384220,27721711,18092,187529,1.0,0.9927372049402308,,,,,
HEM_PA107.nii.gz,world_only,global,0.95,28311552,26895976,26838885,57091,65945,2208,26772940,54883,384220,27721711,18092,187529,0.9500000565140335,0.9978773404616363,,,,,
HEM_PA107.nii.gz,world_only,global,0.9,28311552,25480396,25447991,32405,40364,1656,25407627,30749,384220,27721711,18092,187529,0.8999999717429832,0.9987282379755793,,,,,
HEM_PA107.nii.gz,world_only,global,0.8,28311552,22649240,22630896,18344,23438,1168,22607458,17176,384220,27721711,18092,187529,0.7999999434859665,0.9991900831992596,,,,,
HEM_PA107.nii.gz,world_only,global,0.7,28311552,19818088,19807642,10446,12023,654,19795619,9792,384220,27721711,18092,187529,0.7000000565140335,0.9994729057616456,,,,,
HEM_PA107.nii.gz,world_only,global,0.6,28311552,16986932,16981602,5330,7066,406,16974536,4924,384220,27721711,18092,187529,0.6000000282570168,0.9996862293909223,,,,,
HEM_PA107.nii.gz,world_only,predicted_negative,1.0,27909240,27909240,27721711,187529,0,0,27721711,187529,384220,27721711,18092,187529,1.0,0.9932807557640408,,,,0.0,1.0
HEM_PA107.nii.gz,world_only,predicted_negative,0.95,27909240,26513779,26475887,37892,0,0,26475887,37892,384220,27721711,18092,187529,0.9500000358304275,0.9985708563083369,,,,0.7979405851894907,0.20205941481050932
HEM_PA107.nii.gz,world_only,predicted_negative,0.9,27909240,25118316,25091816,26500,0,0,25091816,26500,384220,27721711,18092,187529,0.9,0.9989449929684777,,,,0.8586885228418004,0.14131147715819953
HEM_PA107.nii.gz,world_only,predicted_negative,0.8,27909240,22327391,22312198,15193,0,0,22312198,15193,384220,27721711,18092,187529,0.7999999641695725,0.9993195353635362,,,,0.9189831972654896,0.0810168027345104
HEM_PA107.nii.gz,world_only,predicted_negative,0.7,27909240,19536469,19527619,8850,0,0,19527619,8850,384220,27721711,18092,187529,0.7000000358304275,0.9995470010471186,,,,0.9528072991377333,0.04719270086226664
HEM_PA107.nii.gz,world_only,predicted_negative,0.6,27909240,16745545,16741095,4450,0,0,16741095,4450,384220,27721711,18092,187529,0.6000000358304275,0.9997342576786841,,,,0.9762703368545665,0.023729663145433507
HEM_PA107.nii.gz,world_only,predicted_positive,1.0,402312,402312,384220,18092,384220,18092,0,0,384220,27721711,18092,187529,1.0,0.9550299270218139,0.9550299270218139,1.0,0.7889033643683506,,
HEM_PA107.nii.gz,world_only,predicted_positive,0.95,402312,382197,365819,16378,365819,16378,0,0,384220,27721711,18092,187529,0.9500014913798246,0.9571477536453714,0.9571477536453714,0.9521081671958773,0.782044690527981,,
HEM_PA107.nii.gz,world_only,predicted_positive,0.9,402312,362080,347424,14656,347424,14656,0,0,384220,27721711,18092,187529,0.8999980114935672,0.9595227574016791,0.9595227574016791,0.9042319504450576,0.7746069542592079,,
HEM_PA107.nii.gz,world_only,predicted_positive,0.8,402312,321850,310428,11422,310428,11422,0,0,384220,27721711,18092,187529,0.8000009942532164,0.9645114183625912,0.9645114183625912,0.8079433657800219,0.7573197106148154,,
HEM_PA107.nii.gz,world_only,predicted_positive,0.7,402312,281619,272628,8991,272628,8991,0,0,384220,27721711,18092,187529,0.7000014913798246,0.968073887060177,0.968073887060177,0.7095622299724116,0.7350682685878217,,
HEM_PA107.nii.gz,world_only,predicted_positive,0.6,402312,241387,234042,7345,234042,7345,0,0,384220,27721711,18092,187529,0.5999995028733918,0.9695716836449353,0.9695716836449353,0.6091353911821352,0.7060537771623542,,
HEM_PA29.nii.gz,confidence_only,global,1.0,28311552,28311552,27972417,339135,537005,34771,27435412,304364,537005,27435412,34771,304364,1.0,0.9880213207668729,,,,,
HEM_PA29.nii.gz,confidence_only,global,0.95,28311552,26895976,26785959,110017,160680,2966,26625279,107051,537005,27435412,34771,304364,0.9500000565140335,0.9959095368020852,,,,,
HEM_PA29.nii.gz,confidence_only,global,0.9,28311552,25480396,25467110,13286,506,8,25466604,13278,537005,27435412,34771,304364,0.8999999717429832,0.9994785795322805,,,,,
HEM_PA29.nii.gz,confidence_only,global,0.8,28311552,22649240,22647397,1843,0,0,22647397,1843,537005,27435412,34771,304364,0.7999999434859665,0.9999186286162361,,,,,
HEM_PA29.nii.gz,confidence_only,global,0.7,28311552,19818088,19817344,744,0,0,19817344,744,537005,27435412,34771,304364,0.7000000565140335,0.9999624585378771,,,,,
HEM_PA29.nii.gz,confidence_only,global,0.6,28311552,16986932,16986509,423,0,0,16986509,423,537005,27435412,34771,304364,0.6000000282570168,0.9999750985051332,,,,,
HEM_PA29.nii.gz,confidence_only,predicted_negative,1.0,27739776,27739776,27435412,304364,0,0,27435412,304364,537005,27435412,34771,304364,1.0,0.9890278854450735,,,,0.0,1.0
HEM_PA29.nii.gz,confidence_only,predicted_negative,0.95,27739776,26352788,26336670,16118,0,0,26336670,16118,537005,27435412,34771,304364,0.9500000288394542,0.9993883759092207,,,,0.9470436713934631,0.05295632860653691
HEM_PA29.nii.gz,confidence_only,predicted_negative,0.9,27739776,24965798,24960951,4847,0,0,24960951,4847,537005,27435412,34771,304364,0.8999999855802729,0.9998058543932784,,,,0.9840749891577191,0.015925010842280953
HEM_PA29.nii.gz,confidence_only,predicted_negative,0.8,27739776,22191820,22190614,1206,0,0,22190614,1206,537005,27435412,34771,304364,0.7999999711605458,0.9999456556514968,,,,0.9960376391426056,0.003962360857394436
HEM_PA29.nii.gz,confidence_only,predicted_negative,0.7,27739776,19417844,19417250,594,0,0,19417250,594,537005,27435412,34771,304364,0.7000000288394542,0.9999694095801779,,,,0.9980483894284475,0.0019516105715524832
HEM_PA29.nii.gz,confidence_only,predicted_negative,0.6,27739776,16643866,16643492,374,0,0,16643492,374,537005,27435412,34771,304364,0.6000000144197271,0.9999775292591276,,,,0.9987712081586522,0.0012287918413478598
HEM_PA29.nii.gz,confidence_only,predicted_positive,1.0,571776,571776,537005,34771,537005,34771,0,0,537005,27435412,34771,304364,1.0,0.9391877238638907,0.9391877238638907,1.0,0.7600140113010342,,
HEM_PA29.nii.gz,confidence_only,predicted_positive,0.95,571776,543187,513228,29959,513228,29959,0,0,537005,27435412,34771,304364,0.9499996502126707,0.944845881804977,0.944845881804977,0.9557229448515377,0.7543149916334688,,
HEM_PA29.nii.gz,confidence_only,predicted_positive,0.9,571776,514598,488616,25982,488616,25982,0,0,537005,27435412,34771,304364,0.8999993004253414,0.9495101030318812,0.9495101030318812,0.9098909693578272,0.7473603869138208,,
HEM_PA29.nii.gz,confidence_only,predicted_positive,0.8,571776,457421,437480,19941,437480,19941,0,0,537005,27435412,34771,304364,0.8000003497873293,0.9564055869756745,0.9564055869756745,0.814666530106796,0.7295802012065724,,
HEM_PA29.nii.gz,confidence_only,predicted_positive,0.7,571776,400243,384786,15457,384786,15457,0,0,537005,27435412,34771,304364,0.6999996502126707,0.9613809610661523,0.9613809610661523,0.7165408143313376,0.7064227510182276,,
HEM_PA29.nii.gz,confidence_only,predicted_positive,0.6,571776,343066,330760,12306,330760,12306,0,0,537005,27435412,34771,304364,0.6000006995746586,0.9641293512035585,0.9641293512035585,0.615934674723699,0.6762694364080598,,
HEM_PA29.nii.gz,joint_average,global,1.0,28311552,28311552,27972417,339135,537005,34771,27435412,304364,537005,27435412,34771,304364,1.0,0.9880213207668729,,,,,
HEM_PA29.nii.gz,joint_average,global,0.95,28311552,26895976,26762560,133416,167584,6588,26594976,126828,537005,27435412,34771,304364,0.9500000565140335,0.995039555359508,,,,,
HEM_PA29.nii.gz,joint_average,global,0.9,28311552,25480396,25442399,37997,8168,573,25434231,37424,537005,27435412,34771,304364,0.8999999717429832,0.9985087751383456,,,,,
HEM_PA29.nii.gz,joint_average,global,0.8,28311552,22649240,22633215,16025,3466,156,22629749,15869,537005,27435412,34771,304364,0.7999999434859665,0.9992924707407401,,,,,
HEM_PA29.nii.gz,joint_average,global,0.7,28311552,19818088,19806806,11282,3466,156,19803340,11126,537005,27435412,34771,304364,0.7000000565140335,0.9994307220757118,,,,,
HEM_PA29.nii.gz,joint_average,global,0.6,28311552,16986932,16979530,7402,3466,156,16976064,7246,537005,27435412,34771,304364,0.6000000282570168,0.9995642532742228,,,,,
HEM_PA29.nii.gz,joint_average,predicted_negative,1.0,27739776,27739776,27435412,304364,0,0,27435412,304364,537005,27435412,34771,304364,1.0,0.9890278854450735,,,,0.0,1.0
HEM_PA29.nii.gz,joint_average,predicted_negative,0.95,27739776,26352788,26310803,41985,0,0,26310803,41985,537005,27435412,34771,304364,0.9500000288394542,0.9984068099360113,,,,0.8620566164198131,0.13794338358018687
HEM_PA29.nii.gz,joint_average,predicted_negative,0.9,27739776,24965798,24943709,22089,0,0,24943709,22089,537005,27435412,34771,304364,0.8999999855802729,0.9991152295632609,,,,0.9274257139477731,0.07257428605222693
HEM_PA29.nii.gz,joint_average,predicted_negative,0.8,27739776,22191820,22178096,13724,0,0,22178096,13724,537005,27435412,34771,304364,0.7999999711605458,0.9993815739312955,,,,0.9549092533939625,0.045090746606037506
HEM_PA29.nii.gz,joint_average,predicted_negative,0.7,27739776,19417844,19408088,9756,0,0,19408088,9756,537005,27435412,34771,304364,0.7000000288394542,0.9994975755289826,,,,0.9679462748551076,0.0320537251448923
HEM_PA29.nii.gz,joint_average,predicted_negative,0.6,27739776,16643866,16637724,6142,0,0,16637724,6142,537005,27435412,34771,304364,0.6000000144197271,0.9996309751592569,,,,0.97982021526856,0.020179784731439988
HEM_PA29.nii.gz,joint_average,predicted_positive,1.0,571776,571776,537005,34771,537005,34771,0,0,537005,27435412,34771,304364,1.0,0.9391877238638907,0.9391877238638907,1.0,0.7600140113010342,,
HEM_PA29.nii.gz,joint_average,predicted_positive,0.95,571776,543187,514012,29175,514012,29175,0,0,537005,27435412,34771,304364,0.9499996502126707,0.9462892153162723,0.9462892153162723,0.9571828940140222,0.7550322680625134,,
HEM_PA29.nii.gz,joint_average,predicted_positive,0.9,571776,514598,489307,25291,489307,25291,0,0,537005,27435412,34771,304364,0.8999993004253414,0.9508528987675817,0.9508528987675817,0.9111777357752721,0.748022004648891,,
HEM_PA29.nii.gz,joint_average,predicted_positive,0.8,571776,457421,437321,20100,437321,20100,0,0,537005,27435412,34771,304364,0.8000003497873293,0.9560579859691619,0.9560579859691619,0.8143704434781799,0.7294117450834204,,
HEM_PA29.nii.gz,joint_average,predicted_positive,0.7,571776,400243,383160,17083,383160,17083,0,0,537005,27435412,34771,304364,0.6999996502126707,0.9573184290543495,0.9573184290543495,0.7135129095632257,0.7044891047439388,,
HEM_PA29.nii.gz,joint_average,predicted_positive,0.6,571776,343066,328267,14799,328267,14799,0,0,537005,27435412,34771,304364,0.6000006995746586,0.9568625279100814,0.9568625279100814,0.6112922598486048,0.672887177064191,,
HEM_PA29.nii.gz,joint_min,global,1.0,28311552,28311552,27972417,339135,537005,34771,27435412,304364,537005,27435412,34771,304364,1.0,0.9880213207668729,,,,,
HEM_PA29.nii.gz,joint_min,global,0.95,28311552,26895976,26764655,131321,202088,6726,26562567,124595,537005,27435412,34771,304364,0.9500000565140335,0.9951174480524522,,,,,
HEM_PA29.nii.gz,joint_min,global,0.9,28311552,25480396,25460981,19415,1292,51,25459689,19364,537005,27435412,34771,304364,0.8999999717429832,0.9992380416693681,,,,,
HEM_PA29.nii.gz,joint_min,global,0.8,28311552,22649240,22645863,3377,51,0,22645812,3377,537005,27435412,34771,304364,0.7999999434859665,0.9998509000743513,,,,,
HEM_PA29.nii.gz,joint_min,global,0.7,28311552,19818088,19816704,1384,0,0,19816704,1384,537005,27435412,34771,304364,0.7000000565140335,0.9999301648070187,,,,,
HEM_PA29.nii.gz,joint_min,global,0.6,28311552,16986932,16986106,826,0,0,16986106,826,537005,27435412,34771,304364,0.6000000282570168,0.9999513743859103,,,,,
HEM_PA29.nii.gz,joint_min,predicted_negative,1.0,27739776,27739776,27435412,304364,0,0,27435412,304364,537005,27435412,34771,304364,1.0,0.9890278854450735,,,,0.0,1.0
HEM_PA29.nii.gz,joint_min,predicted_negative,0.95,27739776,26352788,26326339,26449,0,0,26326339,26449,537005,27435412,34771,304364,0.9500000288394542,0.9989963490769933,,,,0.9131007609309906,0.08689923906900948
HEM_PA29.nii.gz,joint_min,predicted_negative,0.9,27739776,24965798,24958588,7210,0,0,24958588,7210,537005,27435412,34771,304364,0.8999999855802729,0.9997112049052067,,,,0.9763112588873848,0.02368874111261516
HEM_PA29.nii.gz,joint_min,predicted_negative,0.8,27739776,22191820,22189505,2315,0,0,22189505,2315,537005,27435412,34771,304364,0.7999999711605458,0.9998956822829312,,,,0.9923939756344378,0.007606024365562287
HEM_PA29.nii.gz,joint_min,predicted_negative,0.7,27739776,19417844,19416711,1133,0,0,19416711,1133,537005,27435412,34771,304364,0.7000000288394542,0.9999416516066356,,,,0.9962774835394462,0.0037225164605538107
HEM_PA29.nii.gz,joint_min,predicted_negative,0.6,27739776,16643866,16643142,724,0,0,16643142,724,537005,27435412,34771,304364,0.6000000144197271,0.9999565004909317,,,,0.9976212692696902,0.0023787307303097605
HEM_PA29.nii.gz,joint_min,predicted_positive,1.0,571776,571776,537005,34771,537005,34771,0,0,537005,27435412,34771,304364,1.0,0.9391877238638907,0.9391877238638907,1.0,0.7600140113010342,,
HEM_PA29.nii.gz,joint_min,predicted_positive,0.95,571776,543187,513940,29247,513940,29247,0,0,537005,27435412,34771,304364,0.9499996502126707,0.9461566642795207,0.9461566642795207,0.9570488170501206,0.7549664301857302,,
HEM_PA29.nii.gz,joint_min,predicted_positive,0.9,571776,514598,489092,25506,489092,25506,0,0,537005,27435412,34771,304364,0.8999993004253414,0.9504350969105981,0.9504350969105981,0.9107773670636213,0.7478162216544577,,
HEM_PA29.nii.gz,joint_min,predicted_positive,0.8,571776,457421,437595,19826,437595,19826,0,0,537005,27435412,34771,304364,0.8000003497873293,0.9566569965086867,0.9566569965086867,0.8148806808130278,0.7297020127065651,,
HEM_PA29.nii.gz,joint_min,predicted_positive,0.7,571776,400243,384442,15801,384442,15801,0,0,537005,27435412,34771,304364,0.6999996502126707,0.9605214831989566,0.9605214831989566,0.7159002243926965,0.7060141462872653,,
HEM_PA29.nii.gz,joint_min,predicted_positive,0.6,571776,343066,330142,12924,330142,12924,0,0,537005,27435412,34771,304364,0.6000006995746586,0.9623279485580034,0.9623279485580034,0.61478384745021,0.6754326024067793,,
HEM_PA29.nii.gz,joint_product,global,1.0,28311552,28311552,27972417,339135,537005,34771,27435412,304364,537005,27435412,34771,304364,1.0,0.9880213207668729,,,,,
HEM_PA29.nii.gz,joint_product,global,0.95,28311552,26895976,26764002,131974,179280,6561,26584722,125413,537005,27435412,34771,304364,0.9500000565140335,0.9950931693276347,,,,,
HEM_PA29.nii.gz,joint_product,global,0.9,28311552,25480396,25447939,32457,4746,251,25443193,32206,537005,27435412,34771,304364,0.8999999717429832,0.9987261971909699,,,,,
HEM_PA29.nii.gz,joint_product,global,0.8,28311552,22649240,22642821,6419,1613,110,22641208,6309,537005,27435412,34771,304364,0.7999999434859665,0.9997165909319694,,,,,
HEM_PA29.nii.gz,joint_product,global,0.7,28311552,19818088,19815420,2668,200,0,19815220,2668,537005,27435412,34771,304364,0.7000000565140335,0.9998653755094841,,,,,
HEM_PA29.nii.gz,joint_product,global,0.6,28311552,16986932,16985481,1451,25,0,16985456,1451,537005,27435412,34771,304364,0.6000000282570168,0.9999145813970409,,,,,
HEM_PA29.nii.gz,joint_product,predicted_negative,1.0,27739776,27739776,27435412,304364,0,0,27435412,304364,537005,27435412,34771,304364,1.0,0.9890278854450735,,,,0.0,1.0
HEM_PA29.nii.gz,joint_product,predicted_negative,0.95,27739776,26352788,26315380,37408,0,0,26315380,37408,537005,27435412,34771,304364,0.9500000288394542,0.9985804917491083,,,,0.8770945315477521,0.12290546845224797
HEM_PA29.nii.gz,joint_product,predicted_negative,0.9,27739776,24965798,24951885,13913,0,0,24951885,13913,537005,27435412,34771,304364,0.8999999855802729,0.9994427175930848,,,,0.954288286393923,0.04571171360607693
HEM_PA29.nii.gz,joint_product,predicted_negative,0.8,27739776,22191820,22187469,4351,0,0,22187469,4351,537005,27435412,34771,304364,0.7999999711605458,0.9998039367658894,,,,0.9857046168403621,0.014295383159637801
HEM_PA29.nii.gz,joint_product,predicted_negative,0.7,27739776,19417844,19415734,2110,0,0,19415734,2110,537005,27435412,34771,304364,0.7000000288394542,0.9998913370609013,,,,0.9930675112694011,0.006932488730598888
HEM_PA29.nii.gz,joint_product,predicted_negative,0.6,27739776,16643866,16642621,1245,0,0,16642621,1245,537005,27435412,34771,304364,0.6000000144197271,0.9999251976674169,,,,0.9959095030949784,0.004090496905021619
HEM_PA29.nii.gz,joint_product,predicted_positive,1.0,571776,571776,537005,34771,537005,34771,0,0,537005,27435412,34771,304364,1.0,0.9391877238638907,0.9391877238638907,1.0,0.7600140113010342,,
HEM_PA29.nii.gz,joint_product,predicted_positive,0.95,571776,543187,514314,28873,514314,28873,0,0,537005,27435412,34771,304364,0.9499996502126707,0.9468451932759805,0.9468451932759805,0.9577452723903874,0.7553083455408576,,
HEM_PA29.nii.gz,joint_product,predicted_positive,0.9,571776,514598,489639,24959,489639,24959,0,0,537005,27435412,34771,304364,0.8999993004253414,0.9514980625653423,0.9514980625653423,0.911795979553263,0.7483396390496415,,
HEM_PA29.nii.gz,joint_product,predicted_positive,0.8,571776,457421,438052,19369,438052,19369,0,0,537005,27435412,34771,304364,0.8000003497873293,0.957656076131179,0.957656076131179,0.8157316970977924,0.7301858502446582,,
HEM_PA29.nii.gz,joint_product,predicted_positive,0.7,571776,400243,384175,16068,384175,16068,0,0,537005,27435412,34771,304364,0.6999996502126707,0.9598543884590112,0.9598543884590112,0.7154030223182279,0.7056968245250197,,
HEM_PA29.nii.gz,joint_product,predicted_positive,0.6,571776,343066,329212,13854,329212,13854,0,0,537005,27435412,34771,304364,0.6000006995746586,0.9596170999166341,0.9596170999166341,0.6130520199998137,0.6741712930633743,,
HEM_PA29.nii.gz,world_only,global,1.0,28311552,28311552,27972417,339135,537005,34771,27435412,304364,537005,27435412,34771,304364,1.0,0.9880213207668729,,,,,
HEM_PA29.nii.gz,world_only,global,0.95,28311552,26895976,26729786,166190,207132,11873,26522654,154317,537005,27435412,34771,304364,0.9500000565140335,0.9938210087635414,,,,,
HEM_PA29.nii.gz,world_only,global,0.9,28311552,25480396,25410393,70003,26137,3171,25384256,66832,537005,27435412,34771,304364,0.8999999717429832,0.9972526722112168,,,,,
HEM_PA29.nii.gz,world_only,global,0.8,28311552,22649240,22603985,45255,11557,1087,22592428,44168,537005,27435412,34771,304364,0.7999999434859665,0.9980019197112132,,,,,
HEM_PA29.nii.gz,world_only,global,0.7,28311552,19818088,19782839,35249,6394,416,19776445,34833,537005,27435412,34771,304364,0.7000000565140335,0.9982213723140194,,,,,
HEM_PA29.nii.gz,world_only,global,0.6,28311552,16986932,16959292,27640,3466,156,16955826,27484,537005,27435412,34771,304364,0.6000000282570168,0.998372866860243,,,,,
HEM_PA29.nii.gz,world_only,predicted_negative,1.0,27739776,27739776,27435412,304364,0,0,27435412,304364,537005,27435412,34771,304364,1.0,0.9890278854450735,,,,0.0,1.0
HEM_PA29.nii.gz,world_only,predicted_negative,0.95,27739776,26352788,26275615,77173,0,0,26275615,77173,537005,27435412,34771,304364,0.9500000288394542,0.9970715432462023,,,,0.7464450460632663,0.25355495393673366
HEM_PA29.nii.gz,world_only,predicted_negative,0.9,27739776,24965798,24912723,53075,0,0,24912723,53075,537005,27435412,34771,304364,0.8999999855802729,0.9978740915872186,,,,0.8256199813381346,0.1743800186618654
HEM_PA29.nii.gz,world_only,predicted_negative,0.8,27739776,22191820,22151098,40722,0,0,22151098,40722,537005,27435412,34771,304364,0.7999999711605458,0.998164999535865,,,,0.8662062530391242,0.1337937469608758
HEM_PA29.nii.gz,world_only,predicted_negative,0.7,27739776,19417844,19385749,32095,0,0,19385749,32095,537005,27435412,34771,304364,0.7000000288394542,0.9983471388481646,,,,0.8945506038821937,0.10544939611780631
HEM_PA29.nii.gz,world_only,predicted_negative,0.6,27739776,16643866,16618438,25428,0,0,16618438,25428,537005,27435412,34771,304364,0.6000000144197271,0.99847222994946,,,,0.9164552969470765,0.08354470305292347
HEM_PA29.nii.gz,world_only,predicted_positive,1.0,571776,571776,537005,34771,537005,34771,0,0,537005,27435412,34771,304364,1.0,0.9391877238638907,0.9391877238638907,1.0,0.7600140113010342,,
HEM_PA29.nii.gz,world_only,predicted_positive,0.95,571776,543187,513221,29966,513221,29966,0,0,537005,27435412,34771,304364,0.9499996502126707,0.944832994898626,0.944832994898626,0.9557099095911584,0.7543085836569241,,
HEM_PA29.nii.gz,world_only,predicted_positive,0.9,571776,514598,487344,27254,487344,27254,0,0,537005,27435412,34771,304364,0.8999993004253414,0.9470382706500997,0.9470382706500997,0.9075222763288983,0.7461406439226338,,
HEM_PA29.nii.gz,world_only,predicted_positive,0.8,571776,457421,434238,23183,434238,23183,0,0,537005,27435412,34771,304364,0.8000003497873293,0.9493180243145811,0.9493180243145811,0.8086293423711138,0.726136537508058,,
HEM_PA29.nii.gz,world_only,predicted_positive,0.7,571776,400243,380205,20038,380205,20038,0,0,537005,27435412,34771,304364,0.6999996502126707,0.9499354142358517,0.9499354142358517,0.7080101675030959,0.700960166369841,,
HEM_PA29.nii.gz,world_only,predicted_positive,0.6,571776,343066,325503,17563,325503,17563,0,0,537005,27435412,34771,304364,0.6000006995746586,0.9488057691522914,0.9488057691522914,0.6061451941788252,0.6691169895563209,,
HEP_PA28.nii.gz,confidence_only,global,1.0,28311552,28311552,27811444,500108,257358,236910,27554086,263198,257358,27554086,236910,263198,1.0,0.9823355498137297,,,,,
HEP_PA28.nii.gz,confidence_only,global,0.95,28311552,26895976,26810068,85908,1066,653,26809002,85255,257358,27554086,236910,263198,0.9500000565140335,0.9968059162456123,,,,,
HEP_PA28.nii.gz,confidence_only,global,0.9,28311552,25480396,25462433,17963,1,0,25462432,17963,257358,27554086,236910,263198,0.8999999717429832,0.9992950266550018,,,,,
HEP_PA28.nii.gz,confidence_only,global,0.8,28311552,22649240,22633573,15667,1,0,22633572,15667,257358,27554086,236910,263198,0.7999999434859665,0.9993082770106193,,,,,
HEP_PA28.nii.gz,confidence_only,global,0.7,28311552,19818088,19802460,15628,1,0,19802459,15628,257358,27554086,236910,263198,0.7000000565140335,0.9992114274596016,,,,,
HEP_PA28.nii.gz,confidence_only,global,0.6,28311552,16986932,16971312,15620,1,0,16971311,15620,257358,27554086,236910,263198,0.6000000282570168,0.9990804696221778,,,,,
HEP_PA28.nii.gz,confidence_only,predicted_negative,1.0,27817284,27817284,27554086,263198,0,0,27554086,263198,257358,27554086,236910,263198,1.0,0.9905383286161222,,,,0.0,1.0
HEP_PA28.nii.gz,confidence_only,predicted_negative,0.95,27817284,26426419,26392796,33623,0,0,26392796,33623,257358,27554086,236910,263198,0.9499999712409019,0.998727674756084,,,,0.8722520687847172,0.1277479312152828
HEP_PA28.nii.gz,confidence_only,predicted_negative,0.9,27817284,25035556,25019028,16528,0,0,25019028,16528,257358,27554086,236910,263198,0.900000014379549,0.9993398189359166,,,,0.937203170236856,0.0627968297631441
HEP_PA28.nii.gz,confidence_only,predicted_negative,0.8,27817284,22253826,22238177,15649,0,0,22238177,15649,257358,27554086,236910,263198,0.7999999568613528,0.9992967950769455,,,,0.9405428612679427,0.059457138732057234
HEP_PA28.nii.gz,confidence_only,predicted_negative,0.7,27817284,19472099,19456475,15624,0,0,19456475,15624,257358,27554086,236910,263198,0.7000000071897745,0.9991976211706812,,,,0.9406378467921489,0.059362153207851126
HEP_PA28.nii.gz,confidence_only,predicted_negative,0.6,27817284,16690371,16674751,15620,0,0,16674751,15620,257358,27554086,236910,263198,0.6000000215693236,0.9990641310489743,,,,0.9406530444760218,0.059346955523978145
HEP_PA28.nii.gz,confidence_only,predicted_positive,1.0,494268,494268,257358,236910,257358,236910,0,0,257358,27554086,236910,263198,1.0,0.5206851343805385,0.5206851343805385,1.0,0.507197307119264,,
HEP_PA28.nii.gz,confidence_only,predicted_positive,0.95,494268,469554,247229,222325,247229,222325,0,0,257358,27554086,236910,263198,0.9499987860836631,0.5265187816523765,0.5265187816523765,0.9606423736584835,0.5045587618535461,,
HEP_PA28.nii.gz,confidence_only,predicted_positive,0.9,494268,444842,236731,208111,236731,208111,0,0,257358,27554086,236910,263198,0.9000016185551158,0.53216872507542,0.53216872507542,0.9198509469299575,0.5011394295548869,,
HEP_PA28.nii.gz,confidence_only,predicted_positive,0.8,494268,395414,214699,180715,214699,180715,0,0,257358,27554086,236910,263198,0.7999991907224421,0.5429726817968004,0.5429726817968004,0.8342425726031443,0.4916896729801869,,
HEP_PA28.nii.gz,confidence_only,predicted_positive,0.7,494268,345987,190835,155152,190835,155152,0,0,257358,27554086,236910,263198,0.6999987860836631,0.5515669663889106,0.5515669663889106,0.7415157096340507,0.4770755731106722,,
HEP_PA28.nii.gz,confidence_only,predicted_positive,0.6,494268,296561,164918,131643,164918,131643,0,0,257358,27554086,236910,263198,0.600000404638779,0.556101442873473,0.556101442873473,0.640811632045633,0.45514898361614897,,
HEP_PA28.nii.gz,joint_average,global,1.0,28311552,28311552,27811444,500108,257358,236910,27554086,263198,257358,27554086,236910,263198,1.0,0.9823355498137297,,,,,
HEP_PA28.nii.gz,joint_average,global,0.95,28311552,26895976,26769749,126227,1200,11485,26768549,114742,257358,27554086,236910,263198,0.9500000565140335,0.9953068444141979,,,,,
HEP_PA28.nii.gz,joint_average,global,0.9,28311552,25480396,25430539,49857,0,11164,25430539,38693,257358,27554086,236910,263198,0.8999999717429832,0.998043319263955,,,,,
HEP_PA28.nii.gz,joint_average,global,0.8,28311552,22649240,22616950,32290,0,11161,22616950,21129,257358,27554086,236910,263198,0.7999999434859665,0.9985743450994382,,,,,
HEP_PA28.nii.gz,joint_average,global,0.7,28311552,19818088,19792532,25556,0,11161,19792532,14395,257358,27554086,236910,263198,0.7000000565140335,0.9987104709596607,,,,,
HEP_PA28.nii.gz,joint_average,global,0.6,28311552,16986932,16965466,21466,0,11161,16965466,10305,257358,27554086,236910,263198,0.6000000282570168,0.9987363227214897,,,,,
HEP_PA28.nii.gz,joint_average,predicted_negative,1.0,27817284,27817284,27554086,263198,0,0,27554086,263198,257358,27554086,236910,263198,1.0,0.9905383286161222,,,,0.0,1.0
HEP_PA28.nii.gz,joint_average,predicted_negative,0.95,27817284,26426419,26364859,61560,0,0,26364859,61560,257358,27554086,236910,263198,0.9499999712409019,0.9976705129817248,,,,0.7661076451948723,0.2338923548051277
HEP_PA28.nii.gz,joint_average,predicted_negative,0.9,27817284,25035556,25002942,32614,0,0,25002942,32614,257358,27554086,236910,263198,0.900000014379549,0.9986972927623416,,,,0.8760856845416759,0.12391431545832415
HEP_PA28.nii.gz,joint_average,predicted_negative,0.8,27817284,22253826,22233829,19997,0,0,22233829,19997,257358,27554086,236910,263198,0.7999999568613528,0.999101412943554,,,,0.924022978898016,0.07597702110198405
HEP_PA28.nii.gz,joint_average,predicted_negative,0.7,27817284,19472099,19458143,13956,0,0,19458143,13956,257358,27554086,236910,263198,0.7000000071897745,0.9992832821977744,,,,0.9469752809671806,0.0530247190328194
HEP_PA28.nii.gz,joint_average,predicted_negative,0.6,27817284,16690371,16680304,10067,0,0,16680304,10067,257358,27554086,236910,263198,0.6000000215693236,0.9993968378533946,,,,0.9617512291126832,0.03824877088731677
HEP_PA28.nii.gz,joint_average,predicted_positive,1.0,494268,494268,257358,236910,257358,236910,0,0,257358,27554086,236910,263198,1.0,0.5206851343805385,0.5206851343805385,1.0,0.507197307119264,,
HEP_PA28.nii.gz,joint_average,predicted_positive,0.95,494268,469554,251947,217607,251947,217607,0,0,257358,27554086,236910,263198,0.9499987860836631,0.5365666142765262,0.5365666142765262,0.9789748132950986,0.5117238871980169,,
HEP_PA28.nii.gz,joint_average,predicted_positive,0.9,494268,444842,244015,200827,244015,200827,0,0,257358,27554086,236910,263198,0.9000016185551158,0.5485430782165354,0.5485430782165354,0.9481539334312514,0.512606939725121,,
HEP_PA28.nii.gz,joint_average,predicted_positive,0.8,494268,395414,223402,172012,223402,172012,0,0,257358,27554086,236910,263198,0.7999991907224421,0.5649825246450556,0.5649825246450556,0.8680592792918813,0.506572458033546,,
HEP_PA28.nii.gz,joint_average,predicted_positive,0.7,494268,345987,198883,147104,198883,147104,0,0,257358,27554086,236910,263198,0.6999987860836631,0.5748279559636634,0.5748279559636634,0.7727873234948982,0.49224322705514884,,
HEP_PA28.nii.gz,joint_average,predicted_positive,0.6,494268,296561,172128,124433,172128,124433,0,0,257358,27554086,236910,263198,0.600000404638779,0.5804134731134573,0.5804134731134573,0.6688270813419439,0.4703676933734306,,
HEP_PA28.nii.gz,joint_min,global,1.0,28311552,28311552,27811444,500108,257358,236910,27554086,263198,257358,27554086,236910,263198,1.0,0.9823355498137297,,,,,
HEP_PA28.nii.gz,joint_min,global,0.95,28311552,26895976,26774210,121766,2220,9798,26771990,111968,257358,27554086,236910,263198,0.9500000565140335,0.9954727056567867,,,,,
HEP_PA28.nii.gz,joint_min,global,0.9,28311552,25480396,25460679,19717,0,73,25460679,19644,257358,27554086,236910,263198,0.8999999717429832,0.9992261894202901,,,,,
HEP_PA28.nii.gz,joint_min,global,0.8,28311552,22649240,22637037,12203,0,0,22637037,12203,257358,27554086,236910,263198,0.7999999434859665,0.9994612181247583,,,,,
HEP_PA28.nii.gz,joint_min,global,0.7,28311552,19818088,19807359,10729,0,0,19807359,10729,257358,27554086,236910,263198,0.7000000565140335,0.9994586258775316,,,,,
HEP_PA28.nii.gz,joint_min,global,0.6,28311552,16986932,16977908,9024,0,0,16977908,9024,257358,27554086,236910,263198,0.6000000282570168,0.9994687681095091,,,,,
HEP_PA28.nii.gz,joint_min,predicted_negative,1.0,27817284,27817284,27554086,263198,0,0,27554086,263198,257358,27554086,236910,263198,1.0,0.9905383286161222,,,,0.0,1.0
HEP_PA28.nii.gz,joint_min,predicted_negative,0.95,27817284,26426419,26377582,48837,0,0,26377582,48837,257358,27554086,236910,263198,0.9499999712409019,0.9981519630033868,,,,0.8144476781738463,0.1855523218261537
HEP_PA28.nii.gz,joint_min,predicted_negative,0.9,27817284,25035556,25019466,16090,0,0,25019466,16090,257358,27554086,236910,263198,0.900000014379549,0.9993573140536604,,,,0.9388673166209469,0.06113268337905303
HEP_PA28.nii.gz,joint_min,predicted_negative,0.8,27817284,22253826,22241753,12073,0,0,22241753,12073,257358,27554086,236910,263198,0.7999999568613528,0.9994574865463584,,,,0.9541295906503848,0.045870409349615116
HEP_PA28.nii.gz,joint_min,predicted_negative,0.7,27817284,19472099,19461390,10709,0,0,19461390,10709,257358,27554086,236910,263198,0.7000000071897745,0.9994500336096278,,,,0.9593120008510703,0.040687999148929704
HEP_PA28.nii.gz,joint_min,predicted_negative,0.6,27817284,16690371,16681364,9007,0,0,16681364,9007,257358,27554086,236910,263198,0.6000000215693236,0.9994603475261274,,,,0.9657786153390223,0.03422138466097767
HEP_PA28.nii.gz,joint_min,predicted_positive,1.0,494268,494268,257358,236910,257358,236910,0,0,257358,27554086,236910,263198,1.0,0.5206851343805385,0.5206851343805385,1.0,0.507197307119264,,
HEP_PA28.nii.gz,joint_min,predicted_positive,0.95,494268,469554,249803,219751,249803,219751,0,0,257358,27554086,236910,263198,0.9499987860836631,0.5320005792730974,0.5320005792730974,0.9706440056264037,0.5084763702795263,,
HEP_PA28.nii.gz,joint_min,predicted_positive,0.9,494268,444842,241126,203716,241126,203716,0,0,257358,27554086,236910,263198,0.9000016185551158,0.5420486374937619,0.5420486374937619,0.9369283255232012,0.5080797247267601,,
HEP_PA28.nii.gz,joint_min,predicted_positive,0.8,494268,395414,221318,174096,221318,174096,0,0,257358,27554086,236910,263198,0.7999991907224421,0.559712099217529,0.559712099217529,0.8599616098974969,0.5030354687304672,,
HEP_PA28.nii.gz,joint_min,predicted_positive,0.7,494268,345987,198534,147453,198534,147453,0,0,257358,27554086,236910,263198,0.6999987860836631,0.5738192475439828,0.5738192475439828,0.7714312358659922,0.4915917540629848,,
HEP_PA28.nii.gz,joint_min,predicted_positive,0.6,494268,296561,172918,123643,172918,123643,0,0,257358,27554086,236910,263198,0.600000404638779,0.5830773432784486,0.5830773432784486,0.6718967352870321,0.47201700067014524,,
HEP_PA28.nii.gz,joint_product,global,1.0,28311552,28311552,27811444,500108,257358,236910,27554086,263198,257358,27554086,236910,263198,1.0,0.9823355498137297,,,,,
HEP_PA28.nii.gz,joint_product,global,0.95,28311552,26895976,26773550,122426,467,11288,26773083,111138,257358,27554086,236910,263198,0.9500000565140335,0.9954481666699881,,,,,
HEP_PA28.nii.gz,joint_product,global,0.9,28311552,25480396,25440026,40370,0,9218,25440026,31152,257358,27554086,236910,263198,0.8999999717429832,0.9984156447176096,,,,,
HEP_PA28.nii.gz,joint_product,global,0.8,28311552,22649240,22636156,13084,0,54,22636156,13030,257358,27554086,236910,263198,0.7999999434859665,0.9994223205723459,,,,,
HEP_PA28.nii.gz,joint_product,global,0.7,28311552,19818088,19807266,10822,0,0,19807266,10822,257358,27554086,236910,263198,0.7000000565140335,0.9994539331947663,,,,,
HEP_PA28.nii.gz,joint_product,global,0.6,28311552,16986932,16977907,9025,0,0,16977907,9025,257358,27554086,236910,263198,0.6000000282570168,0.999468709240727,,,,,
HEP_PA28.nii.gz,joint_product,predicted_negative,1.0,27817284,27817284,27554086,263198,0,0,27554086,263198,257358,27554086,236910,263198,1.0,0.9905383286161222,,,,0.0,1.0
HEP_PA28.nii.gz,joint_product,predicted_negative,0.95,27817284,26426419,26369644,56775,0,0,26369644,56775,257358,27554086,236910,263198,0.9499999712409019,0.9978515817826092,,,,0.7842878745279219,0.21571212547207805
HEP_PA28.nii.gz,joint_product,predicted_negative,0.9,27817284,25035556,25012077,23479,0,0,25012077,23479,257358,27554086,236910,263198,0.900000014379549,0.9990621738139149,,,,0.9107933950865889,0.0892066049134112
HEP_PA28.nii.gz,joint_product,predicted_negative,0.8,27817284,22253826,22241149,12677,0,0,22241149,12677,257358,27554086,236910,263198,0.7999999568613528,0.9994303451460437,,,,0.9518347403855653,0.04816525961443476
HEP_PA28.nii.gz,joint_product,predicted_negative,0.7,27817284,19472099,19461321,10778,0,0,19461321,10778,257358,27554086,236910,263198,0.7000000071897745,0.9994464900779315,,,,0.9590498408042615,0.04095015919573857
HEP_PA28.nii.gz,joint_product,predicted_negative,0.6,27817284,16690371,16681363,9008,0,0,16681363,9008,257358,27554086,236910,263198,0.6000000215693236,0.9994602876113419,,,,0.9657748159180541,0.034225184081945914
HEP_PA28.nii.gz,joint_product,predicted_positive,1.0,494268,494268,257358,236910,257358,236910,0,0,257358,27554086,236910,263198,1.0,0.5206851343805385,0.5206851343805385,1.0,0.507197307119264,,
HEP_PA28.nii.gz,joint_product,predicted_positive,0.95,494268,469554,251391,218163,251391,218163,0,0,257358,27554086,236910,263198,0.9499987860836631,0.5353825119155624,0.5353825119155624,0.9768143986198214,0.5108830728867655,,
HEP_PA28.nii.gz,joint_product,predicted_positive,0.9,494268,444842,243620,201222,243620,201222,0,0,257358,27554086,236910,263198,0.9000016185551158,0.54765512249293,0.54765512249293,0.9466191064587073,0.5119895761091146,,
HEP_PA28.nii.gz,joint_product,predicted_positive,0.8,494268,395414,224036,171378,224036,171378,0,0,257358,27554086,236910,263198,0.7999991907224421,0.5665859074286697,0.5665859074286697,0.8705227737237622,0.507645176786216,,
HEP_PA28.nii.gz,joint_product,predicted_positive,0.7,494268,345987,200279,145708,200279,145708,0,0,257358,27554086,236910,263198,0.6999987860836631,0.5788627896423854,0.5788627896423854,0.7782116740105223,0.4948435013786901,,
HEP_PA28.nii.gz,joint_product,predicted_positive,0.6,494268,296561,173732,122829,173732,122829,0,0,257358,27554086,236910,263198,0.600000404638779,0.5858221411446549,0.5858221411446549,0.6750596445418444,0.47371269722464215,,
HEP_PA28.nii.gz,world_only,global,1.0,28311552,28311552,27811444,500108,257358,236910,27554086,263198,257358,27554086,236910,263198,1.0,0.9823355498137297,,,,,
HEP_PA28.nii.gz,world_only,global,0.95,28311552,26895976,26692211,203765,14927,49844,26677284,153921,257358,27554086,236910,263198,0.9500000565140335,0.9924239596287564,,,,,
HEP_PA28.nii.gz,world_only,global,0.9,28311552,25480396,25361082,119314,2316,32926,25358766,86388,257358,27554086,236910,263198,0.8999999717429832,0.9953174197135711,,,,,
HEP_PA28.nii.gz,world_only,global,0.8,28311552,22649240,22573332,75908,686,19451,22572646,56457,257358,27554086,236910,263198,0.7999999434859665,0.996648540966496,,,,,
HEP_PA28.nii.gz,world_only,global,0.7,28311552,19818088,19765419,52669,219,11242,19765200,41427,257358,27554086,236910,263198,0.7000000565140335,0.9973423773272174,,,,,
HEP_PA28.nii.gz,world_only,global,0.6,28311552,16986932,16946522,40410,40,11198,16946482,29212,257358,27554086,236910,263198,0.6000000282570168,0.9976211125116649,,,,,
HEP_PA28.nii.gz,world_only,predicted_negative,1.0,27817284,27817284,27554086,263198,0,0,27554086,263198,257358,27554086,236910,263198,1.0,0.9905383286161222,,,,0.0,1.0
HEP_PA28.nii.gz,world_only,predicted_negative,0.95,27817284,26426419,26314419,112000,0,0,26314419,112000,257358,27554086,236910,263198,0.9499999712409019,0.9957618169907925,,,,0.5744648515566227,0.42553514844337725
HEP_PA28.nii.gz,world_only,predicted_negative,0.9,27817284,25035556,24957554,78002,0,0,24957554,78002,257358,27554086,236910,263198,0.900000014379549,0.9968843512003488,,,,0.7036375656349972,0.29636243436500276
HEP_PA28.nii.gz,world_only,predicted_negative,0.8,27817284,22253826,22200250,53576,0,0,22200250,53576,257358,27554086,236910,263198,0.7999999568613528,0.997592503868773,,,,0.7964422222053359,0.20355777779466408
HEP_PA28.nii.gz,world_only,predicted_negative,0.7,27817284,19472099,19432320,39779,0,0,19432320,39779,257358,27554086,236910,263198,0.7000000071897745,0.9979571282993169,,,,0.8488628333042044,0.15113716669579555
HEP_PA28.nii.gz,world_only,predicted_negative,0.6,27817284,16690371,16662318,28053,0,0,16662318,28053,257358,27554086,236910,263198,0.6000000215693236,0.9983192105196463,,,,0.8934148435778387,0.10658515642216126
HEP_PA28.nii.gz,world_only,predicted_positive,1.0,494268,494268,257358,236910,257358,236910,0,0,257358,27554086,236910,263198,1.0,0.5206851343805385,0.5206851343805385,1.0,0.507197307119264,,
HEP_PA28.nii.gz,world_only,predicted_positive,0.95,494268,469554,251292,218262,251292,218262,0,0,257358,27554086,236910,263198,0.9499987860836631,0.5351716735455347,0.5351716735455347,0.9764297204672091,0.5107332598948827,,
HEP_PA28.nii.gz,world_only,predicted_positive,0.9,494268,444842,242940,201902,242940,201902,0,0,257358,27554086,236910,263198,0.9000016185551158,0.5461264898548248,0.5461264898548248,0.9439768726831884,0.5109255715156996,,
HEP_PA28.nii.gz,world_only,predicted_positive,0.8,494268,395414,222884,172530,222884,172530,0,0,257358,27554086,236910,263198,0.7999991907224421,0.5636725052729544,0.5636725052729544,0.8660465188570008,0.5056948641854302,,
HEP_PA28.nii.gz,world_only,predicted_positive,0.7,494268,345987,198282,147705,198282,147705,0,0,257358,27554086,236910,263198,0.6999987860836631,0.5730908964787694,0.5730908964787694,0.770452055113888,0.49112099937211057,,
HEP_PA28.nii.gz,world_only,predicted_positive,0.6,494268,296561,171637,124924,171637,124924,0,0,257358,27554086,236910,263198,0.600000404638779,0.5787578272261019,0.5787578272261019,0.666919233130503,0.469340822208489,,
