case,global,patch_index,patch_kind,uncertainty_variant,ensemble_members,both_empty,tp_voxels,tn_voxels,fp_voxels,fn_voxels,original_dice,mean_probability_TP_sum,mean_probability_TP_count,mean_probability_TN_sum,mean_probability_TN_count,mean_probability_FP_sum,mean_probability_FP_count,mean_probability_FN_sum,mean_probability_FN_count,variance_TP_sum,variance_TP_count,variance_TN_sum,variance_TN_count,variance_FP_sum,variance_FP_count,variance_FN_sum,variance_FN_count,std_TP_sum,std_TP_count,std_TN_sum,std_TN_count,std_FP_sum,std_FP_count,std_FN_sum,std_FN_count,pairwise_abs_TP_sum,pairwise_abs_TP_count,pairwise_abs_TN_sum,pairwise_abs_TN_count,pairwise_abs_FP_sum,pairwise_abs_FP_count,pairwise_abs_FN_sum,pairwise_abs_FN_count
CYST_PA62.nii.gz,all,0,context,visual_only,original+gamma_0.30+blur_1.5,1,0,7077888,0,0,0.0,0.0,0,5.464474739369507e-08,7077888,0.0,0,0.0,0,0.0,0,7.031674979205757e-21,7077888,0.0,0,0.0,0,0.0,0,2.2061859894506597e-08,7077888,0.0,0,0.0,0,0.0,0,3.28066676047456e-08,7077888,0.0,0,0.0,0
CYST_PA62.nii.gz,all,0,context,language_only,original+language,1,0,7077888,0,0,0.0,0.0,0,3.4943404614296014e-08,7077888,0.0,0,0.0,0,0.0,0,2.450170417180254e-22,7077888,0.0,0,0.0,0,0.0,0,3.4651654878814497e-09,7077888,0.0,0,0.0,0,0.0,0,6.9303309757628995e-09,7077888,0.0,0,0.0,0
CYST_PA62.nii.gz,all,0,context,visual_language,original+gamma_0.30+blur_1.5+language,1,0,7077888,0,0,0.0,0.0,0,4.914010531820168e-08,7077888,0.0,0,0.0,0,0.0,0,6.5394088106829395e-21,7077888,0.0,0,0.0,0,0.0,0,2.1726620502704463e-08,7077888,0.0,0,0.0,0,0.0,0,2.792064712764386e-08,7077888,0.0,0,0.0,0
CYST_PA62.nii.gz,all,1,context,visual_only,original+gamma_0.30+blur_1.5,0,214893,6686626,28015,148354,0.7090364694595337,153348.4375,214893,11522.2353515625,6686626,15945.3046875,28015,14149.4248046875,148354,1360.64013671875,214893,1582.12255859375,6686626,542.450439453125,28015,1342.1805419921875,148354,7689.81787109375,214893,6083.7021484375,6686626,2605.51416015625,28015,5425.38330078125,148354,11611.72265625,214893,8964.6806640625,6686626,3936.22216796875,28015,7984.33935546875,148354
CYST_PA62.nii.gz,all,1,context,language_only,original+language,0,214893,6686626,28015,148354,0.7090364694595337,150937.21875,214893,8618.9267578125,6686626,14726.15234375,28015,11567.0546875,148354,142.83428955078125,214893,51.19196319580078,6686626,11.557394027709961,28015,65.01480865478516,148354,2503.2265625,214893,718.119140625,6686626,315.08062744140625,28015,1011.2869262695312,148354,5006.453125,214893,1436.23828125,6686626,630.1612548828125,28015,2022.5738525390625,148354
CYST_PA62.nii.gz,all,1,context,visual_language,original+gamma_0.30+blur_1.5+language,0,214893,6686626,28015,148354,0.7090364694595337,152925.15625,214893,10942.7265625,6686626,15659.0390625,28015,13714.2255859375,148354,1086.609375,214893,1263.002197265625,6686626,435.4022216796875,28015,1057.52197265625,148354,7078.732421875,214893,5458.025390625,6686626,2347.095458984375,28015,4840.23291015625,148354,9679.4775390625,214893,6963.2939453125,6686626,3081.548828125,28015,6290.322265625,148354
CYST_PA62.nii.gz,all,2,foreground,visual_only,original+gamma_0.30+blur_1.5,0,178187,6842135,32458,25108,0.8609315156936646,116969.5390625,178187,6475.30419921875,6842135,12205.9560546875,32458,4720.6337890625,25108,1999.43701171875,178187,681.9884033203125,6842135,1086.7994384765625,32458,335.13763427734375,25108,9932.513671875,178187,3729.468017578125,6842135,4110.4970703125,32458,1630.188232421875,25108,14932.11328125,178187,5432.0234375,6842135,6160.46630859375,32458,2394.42333984375,25108
CYST_PA62.nii.gz,all,2,foreground,language_only,original+language,0,178187,6842135,32458,25108,0.8609315156936646,113943.046875,178187,4371.50732421875,6842135,10607.07421875,32458,3981.4609375,25108,145.96585083007812,178187,23.438682556152344,6842135,42.38462829589844,32458,17.951154708862305,25108,2625.55517578125,178187,500.705810546875,6842135,721.8182373046875,32458,311.7316589355469,25108,5251.1103515625,178187,1001.41162109375,6842135,1443.636474609375,32458,623.4633178710938,25108
CYST_PA62.nii.gz,all,2,foreground,visual_language,original+gamma_0.30+blur_1.5+language,0,178187,6842135,32458,25108,0.8609315156936646,116575.1953125,178187,6008.80908203125,6842135,11927.443359375,32458,4589.25048828125,25108,1583.306396484375,178187,548.8236083984375,6842135,859.1929931640625,32458,262.60858154296875,25108,9031.0517578125,178187,3390.66064453125,6842135,3699.4189453125,32458,1463.9560546875,25108,12236.388671875,178187,4277.2939453125,6842135,4901.75537109375,32458,1910.7763671875,25108
CYST_PA62.nii.gz,all,3,context_fill,visual_only,original+gamma_0.30+blur_1.5,1,0,7077888,0,0,0.0,0.0,0,1.359087605123932e-06,7077888,0.0,0,0.0,0,0.0,0,2.624987880572849e-19,7077888,0.0,0,0.0,0,0.0,0,2.8599168899745564e-07,7077888,0.0,0,0.0,0,0.0,0,4.3744503841480764e-07,7077888,0.0,0,0.0,0
CYST_PA62.nii.gz,all,3,context_fill,language_only,original+language,1,0,7077888,0,0,0.0,0.0,0,9.577770470059477e-07,7077888,0.0,0,0.0,0,0.0,0,1.5919760387891303e-19,7077888,0.0,0,0.0,0,0.0,0,1.3498039663772943e-07,7077888,0.0,0,0.0,0,0.0,0,2.6996079327545885e-07,7077888,0.0,0,0.0,0
CYST_PA62.nii.gz,all,3,context_fill,visual_language,original+gamma_0.30+blur_1.5+language,1,0,7077888,0,0,0.0,0.0,0,1.2251618954906007e-06,7077888,0.0,0,0.0,0,0.0,0,4.566286686440127e-19,7077888,0.0,0,0.0,0,0.0,0,3.527082412801974e-07,7077888,0.0,0,0.0,0,0.0,0,4.868152245762758e-07,7077888,0.0,0,0.0,0
HEM_PA29.nii.gz,all,0,context,visual_only,original+gamma_0.30+blur_1.5,1,0,7077888,0,0,0.0,0.0,0,4.136192728765309e-06,7077888,0.0,0,0.0,0,0.0,0,2.6968678698907218e-17,7077888,0.0,0,0.0,0,0.0,0,9.783211680769455e-07,7077888,0.0,0,0.0,0,0.0,0,1.476502120567602e-06,7077888,0.0,0,0.0,0
HEM_PA29.nii.gz,all,0,context,language_only,original+language,1,0,7077888,0,0,0.0,0.0,0,2.805100393743487e-06,7077888,0.0,0,0.0,0,0.0,0,3.752689475559532e-17,7077888,0.0,0,0.0,0,0.0,0,6.715320637340483e-07,7077888,0.0,0,0.0,0,0.0,0,1.3430641274680966e-06,7077888,0.0,0,0.0,0
HEM_PA29.nii.gz,all,0,context,visual_language,original+gamma_0.30+blur_1.5+language,1,0,7077888,0,0,0.0,0.0,0,3.640241175162373e-06,7077888,0.0,0,0.0,0,0.0,0,4.929748296632279e-17,7077888,0.0,0,0.0,0,0.0,0,1.3053859220235609e-06,7077888,0.0,0,0.0,0,0.0,0,1.7377424228470773e-06,7077888,0.0,0,0.0,0
HEM_PA29.nii.gz,all,1,context,visual_only,original+gamma_0.30+blur_1.5,0,0,7077768,0,120,0.0,0.0,0,3.02606686375384e-08,7077768,0.0,0,3.5520379505120106e-22,120,0.0,0,4.938738796694321e-22,7077768,0.0,0,0.0,120,0.0,0,8.44006464717495e-09,7077768,0.0,0,0.0,120,0.0,0,1.2918238034842489e-08,7077768,0.0,0,6.622500678411347e-22,120
HEM_PA29.nii.gz,all,1,context,language_only,original+language,0,0,7077768,0,120,0.0,0.0,0,2.1198431454649835e-08,7077768,0.0,0,3.510564187954304e-23,120,0.0,0,4.395823895793323e-23,7077768,0.0,0,0.0,120,0.0,0,1.6877856889863097e-09,7077768,0.0,0,0.0,120,0.0,0,3.3755713779726193e-09,7077768,0.0,0,2.695316200998011e-23,120
HEM_PA29.nii.gz,all,1,context,visual_language,original+gamma_0.30+blur_1.5+language,0,0,7077768,0,120,0.0,0.0,0,2.7741879904397138e-08,7077768,0.0,0,2.785483759771242e-22,120,0.0,0,5.723655649824718e-22,7077768,0.0,0,0.0,120,0.0,0,8.634472692392592e-09,7077768,0.0,0,0.0,120,0.0,0,1.1748121586663274e-08,7077768,0.0,0,4.99954949641404e-22,120
HEM_PA29.nii.gz,all,2,foreground,visual_only,original+gamma_0.30+blur_1.5,0,344234,6536055,6402,191197,0.7769931554794312,251652.03125,344234,5455.994140625,6536055,2271.376220703125,6402,14534.9208984375,191197,951.2664794921875,344234,255.26087951660156,6536055,57.416900634765625,6402,538.9396362304688,191197,7836.6611328125,344234,2074.5048828125,6536055,412.2915954589844,6402,3783.192626953125,191197,11812.08984375,344234,3073.015625,6536055,625.0032958984375,6402,5646.115234375,191197
HEM_PA29.nii.gz,all,2,foreground,language_only,original+language,0,344234,6536055,6402,191197,0.7769931554794312,250356.625,344234,4332.97802734375,6536055,2258.077392578125,6402,12994.1259765625,191197,144.43783569335938,344234,20.644826889038086,6536055,7.342329978942871,6402,47.871822357177734,191197,2877.4013671875,344234,452.18731689453125,6536055,142.34835815429688,6402,953.178955078125,191197,5754.802734375,344234,904.3746337890625,6536055,284.69671630859375,6402,1906.35791015625,191197
HEM_PA29.nii.gz,all,2,foreground,visual_language,original+gamma_0.30+blur_1.5+language,0,344234,6536055,6402,191197,0.7769931554794312,251518.390625,344234,5183.80517578125,6536055,2299.2841796875,6402,14276.4443359375,191197,776.062744140625,344234,218.78282165527344,6536055,46.44738006591797,6402,427.8460998535156,191197,7396.34033203125,344234,1934.890869140625,6536055,384.387939453125,6402,3434.19384765625,191197,10163.11328125,344234,2540.879638671875,6536055,534.7098999023438,6402,4591.33984375,191197
HEM_PA29.nii.gz,all,3,foreground,visual_only,original+gamma_0.30+blur_1.5,0,192855,6743696,28374,112963,0.7318322658538818,144410.1875,192855,40148.94140625,6743696,22658.76171875,28374,21321.21484375,112963,634.741455078125,192855,1213.8197021484375,6743696,359.1617736816406,28374,616.5665893554688,112963,5032.5791015625,192855,7286.513671875,6743696,1536.3218994140625,28374,3675.515380859375,112963,7575.98681640625,192855,10943.90625,6743696,2305.9345703125,28374,5429.72705078125,112963
HEM_PA29.nii.gz,all,3,foreground,language_only,original+language,0,192855,6743696,28374,112963,0.7318322658538818,142996.015625,192855,38108.515625,6743696,22066.052734375,28374,19630.267578125,112963,89.37445068359375,192855,60.94484329223633,6743696,6.448700904846191,28374,55.27871322631836,112963,1877.306884765625,192855,1430.24560546875,6743696,188.12014770507812,28374,996.662109375,112963,3754.61376953125,192855,2860.4912109375,6743696,376.24029541015625,28374,1993.32421875,112963
HEM_PA29.nii.gz,all,3,foreground,visual_language,original+gamma_0.30+blur_1.5+language,0,192855,6743696,28374,112963,0.7318322658538818,143991.1875,192855,39580.8828125,6743696,22538.412109375,28374,20969.96875,112963,536.6773071289062,192855,1012.371826171875,6743696,290.4300537109375,28374,500.04937744140625,112963,4895.6015625,192855,6913.7216796875,6743696,1402.3465576171875,28374,3398.357421875,112963,6638.15234375,192855,9058.537109375,6743696,1831.317626953125,28374,4504.77685546875,112963
HEP_PA28.nii.gz,all,0,context,visual_only,original+gamma_0.30+blur_1.5,0,0,6916272,161616,0,0.0,0.0,0,6587.0302734375,6916272,125227.2578125,161616,0.0,0,0.0,0,587.5293579101562,6916272,610.937744140625,161616,0.0,0,0.0,0,2396.653564453125,6916272,3618.8369140625,161616,0.0,0,0.0,0,3514.081298828125,6916272,5551.771484375,161616,0.0,0
HEP_PA28.nii.gz,all,0,context,language_only,original+language,0,0,6916272,161616,0,0.0,0.0,0,5504.28515625,6916272,125070.953125,161616,0.0,0,0.0,0,29.444263458251953,6916272,26.658493041992188,161616,0.0,0,0.0,0,405.99945068359375,6916272,740.763671875,161616,0.0,0,0.0,0,811.9989013671875,6916272,1481.52734375,161616,0.0,0
HEP_PA28.nii.gz,all,0,context,visual_language,original+gamma_0.30+blur_1.5+language,0,0,6916272,161616,0,0.0,0.0,0,6411.38427734375,6916272,125298.921875,161616,0.0,0,0.0,0,467.67901611328125,6916272,490.10186767578125,161616,0.0,0,0.0,0,2152.552490234375,6916272,3346.083984375,161616,0.0,0,0.0,0,2775.70849609375,6916272,4552.34765625,161616,0.0,0
HEP_PA28.nii.gz,all,1,context,visual_only,original+gamma_0.30+blur_1.5,0,7631,7049734,1438,19085,0.42649155855178833,326.5603332519531,7631,34.65694808959961,7049734,216.80023193359375,1438,0.13943107426166534,19085,0.8824678063392639,7631,0.17959079146385193,7049734,0.49106040596961975,1438,0.001071339356712997,19085,22.28369903564453,7631,4.84267520904541,7049734,13.351901054382324,1438,0.0571841225028038,19085,34.58488845825195,7631,7.482793807983398,7049734,20.575790405273438,1438,0.08568350970745087,19085
HEP_PA28.nii.gz,all,1,context,language_only,original+language,0,7631,7049734,1438,19085,0.42649155855178833,308.5553894042969,7631,31.302228927612305,7049734,207.54295349121094,1438,0.1059039905667305,19085,0.37979263067245483,7631,0.05011265352368355,7049734,0.10494671761989594,1438,7.440561375915422e-07,19085,13.125598907470703,7631,1.6567878723144531,7049734,5.402497291564941,1438,0.0015760186361148953,19085,26.251197814941406,7631,3.3135757446289062,7049734,10.804994583129883,1438,0.0031520372722297907,19085
HEP_PA28.nii.gz,all,1,context,visual_language,original+gamma_0.30+blur_1.5+language,0,7631,7049734,1438,19085,0.42649155855178833,319.02740478515625,7631,33.44437789916992,7049734,213.43565368652344,1438,0.1307012140750885,19085,1.0386463403701782,7631,0.18573009967803955,7049734,0.4797629714012146,1438,0.0008788337581790984,19085,24.699541091918945,7631,4.8100199699401855,7049734,13.767536163330078,1438,0.051782239228487015,19085,34.19516372680664,7631,6.478717803955078,7049734,18.748615264892578,1438,0.06478793919086456,19085
HEP_PA28.nii.gz,all,2,foreground,visual_only,original+gamma_0.30+blur_1.5,0,122003,6846842,53250,55793,0.6911391615867615,76786.671875,122003,5181.2548828125,6846842,32992.828125,53250,1046.82861328125,55793,400.42596435546875,122003,523.476806640625,6846842,961.5186767578125,53250,16.20875358581543,55793,3026.63818359375,122003,2690.023193359375,6846842,4637.962890625,53250,206.80552673339844,55793,4559.31787109375,122003,3960.48486328125,6846842,7000.03125,53250,310.4717712402344,55793
HEP_PA28.nii.gz,all,2,foreground,language_only,original+language,0,122003,6846842,53250,55793,0.6911391615867615,76569.125,122003,4088.38916015625,6846842,31960.3515625,53250,995.1124267578125,55793,76.73089599609375,122003,35.76579284667969,6846842,73.51463317871094,53250,5.186565399169922,55793,1483.128173828125,122003,469.4523010253906,6846842,1085.00634765625,53250,113.50048828125,55793,2966.25634765625,122003,938.9046020507812,6846842,2170.0126953125,53250,227.0009765625,55793
HEP_PA28.nii.gz,all,2,foreground,visual_language,original+gamma_0.30+blur_1.5+language,0,122003,6846842,53250,55793,0.6911391615867615,76992.984375,122003,5009.34619140625,6846842,32980.74609375,53250,1030.3968505859375,55793,326.58612060546875,122003,425.9639892578125,6846842,768.9007568359375,53250,14.855586051940918,55793,2916.628662109375,122003,2442.484619140625,6846842,4174.865234375,53250,214.45045471191406,55793,4061.697021484375,122003,3140.968994140625,6846842,5620.59521484375,53250,293.6891784667969,55793
HEP_PA28.nii.gz,all,3,context_fill,visual_only,original+gamma_0.30+blur_1.5,0,127703,6741240,20604,188341,0.5500279068946838,58357.890625,127703,8675.49609375,6741240,7601.42431640625,20604,7518.8740234375,188341,474.647216796875,127703,610.543212890625,6741240,294.1627502441406,20604,209.33522033691406,188341,4075.73046875,127703,4072.55126953125,6741240,1754.294189453125,20604,1799.3626708984375,188341,6091.2529296875,127703,6036.96826171875,6741240,2672.4072265625,20604,2677.972412109375,188341
HEP_PA28.nii.gz,all,3,context_fill,language_only,original+language,0,127703,6741240,20604,188341,0.5500279068946838,56928.59375,127703,7177.28662109375,6741240,7217.0146484375,20604,6805.50732421875,188341,81.4031753540039,127703,52.471675872802734,6741240,32.75806427001953,20604,25.651138305664062,188341,1695.4227294921875,127703,924.5573120117188,6741240,510.60345458984375,20604,599.28662109375,188341,3390.845458984375,127703,1849.1146240234375,6741240,1021.2069091796875,20604,1198.5732421875,188341
HEP_PA28.nii.gz,all,3,context_fill,visual_language,original+gamma_0.30+blur_1.5+language,0,127703,6741240,20604,188341,0.5500279068946838,58200.1640625,127703,8503.80859375,6741240,7616.3798828125,20604,7423.8037109375,188341,396.98382568359375,127703,493.740966796875,6741240,238.06982421875,20604,170.4681396484375,188341,3907.24609375,127703,3734.08154296875,6741240,1605.177490234375,20604,1683.1875,188341,5333.34716796875,127703,4921.68603515625,6741240,2215.55126953125,20604,2260.556396484375,188341
HEM_PA107.nii.gz,all,0,context,visual_only,original+gamma_0.30+blur_1.5,1,0,7077888,0,0,0.0,0.0,0,5.110550773679279e-06,7077888,0.0,0,0.0,0,0.0,0,5.623597982353599e-17,7077888,0.0,0,0.0,0,0.0,0,1.6248953897957108e-06,7077888,0.0,0,0.0,0,0.0,0,2.51877895607322e-06,7077888,0.0,0,0.0,0
HEM_PA107.nii.gz,all,0,context,language_only,original+language,1,0,7077888,0,0,0.0,0.0,0,2.8685560664598597e-06,7077888,0.0,0,0.0,0,0.0,0,5.619860945782207e-18,7077888,0.0,0,0.0,0,0.0,0,3.5991672575619305e-07,7077888,0.0,0,0.0,0,0.0,0,7.198334515123861e-07,7077888,0.0,0,0.0,0
HEM_PA107.nii.gz,all,0,context,visual_language,original+gamma_0.30+blur_1.5+language,1,0,7077888,0,0,0.0,0.0,0,4.462422566575697e-06,7077888,0.0,0,0.0,0,0.0,0,7.706009292588085e-17,7077888,0.0,0,0.0,0,0.0,0,1.8231360172649147e-06,7077888,0.0,0,0.0,0,0.0,0,2.5594399630790576e-06,7077888,0.0,0,0.0,0
HEM_PA107.nii.gz,all,1,context,visual_only,original+gamma_0.30+blur_1.5,0,202757,6826232,10339,38560,0.8923908472061157,157979.28125,202757,7717.40966796875,6826232,5742.99462890625,10339,6028.728515625,38560,1107.4451904296875,202757,1247.8785400390625,6826232,158.2489013671875,10339,247.94049072265625,38560,6227.3515625,202757,4789.70703125,6826232,742.9313354492188,10339,1166.95654296875,38560,9282.5576171875,202757,7022.14404296875,6826232,1105.5501708984375,10339,1735.779052734375,38560
HEM_PA107.nii.gz,all,1,context,language_only,original+language,0,202757,6826232,10339,38560,0.8923908472061157,156279.5625,202757,5260.443359375,6826232,5426.42626953125,10339,5667.712890625,38560,120.42538452148438,202757,30.48214340209961,6826232,5.2103118896484375,10339,18.19742202758789,38560,2008.89208984375,202757,546.67822265625,6826232,108.39286041259766,10339,305.6059875488281,38560,4017.7841796875,202757,1093.3564453125,6826232,216.7857208251953,10339,611.2119750976562,38560
HEM_PA107.nii.gz,all,1,context,visual_language,original+gamma_0.30+blur_1.5+language,0,202757,6826232,10339,38560,0.8923908472061157,157813.03125,202757,7149.3193359375,6826232,5682.341796875,10339,5956.1943359375,38560,880.2351684570312,202757,1004.8468627929688,6826232,126.06253051757812,10339,196.5332489013672,38560,5708.76513671875,202757,4315.6748046875,6826232,670.4578857421875,10339,1065.2532958984375,38560,7760.1455078125,202757,5435.22509765625,6826232,873.6876220703125,10339,1418.050048828125,38560
HEM_PA107.nii.gz,all,2,foreground,visual_only,original+gamma_0.30+blur_1.5,0,181529,6740842,7759,147758,0.7001070380210876,107296.6796875,181529,3645.0380859375,6740842,3726.456298828125,7759,8608.083984375,147758,1189.3436279296875,181529,334.11279296875,6740842,56.59636688232422,7759,637.0592041015625,147758,7043.966796875,181529,1834.47705078125,6740842,413.7225341796875,7759,3400.866943359375,147758,10486.7626953125,181529,2655.340087890625,6740842,620.0889282226562,7759,4940.18359375,147758
HEM_PA107.nii.gz,all,2,foreground,language_only,original+language,0,181529,6740842,7759,147758,0.7001070380210876,105578.921875,181529,2836.48193359375,6740842,3618.86328125,7759,7050.609375,147758,167.23480224609375,181529,29.526105880737305,6740842,5.347092628479004,7759,51.274295806884766,147758,2642.9658203125,181529,393.5841979980469,6740842,100.70917510986328,7759,831.9944458007812,147758,5285.931640625,181529,787.1683959960938,6740842,201.41835021972656,7759,1663.9888916015625,147758
HEM_PA107.nii.gz,all,2,foreground,visual_language,original+gamma_0.30+blur_1.5+language,0,181529,6740842,7759,147758,0.7001070380210876,107264.390625,181529,3533.498046875,6740842,3723.62060546875,7759,8382.75,147758,949.64794921875,181529,270.9515686035156,6740842,45.955238342285156,7759,502.92437744140625,147758,6538.66455078125,181529,1676.107666015625,6740842,376.1689453125,7759,3062.89013671875,147758,8935.142578125,181529,2138.732666015625,6740842,503.1910705566406,7759,3977.12255859375,147758
HEM_PA107.nii.gz,all,3,context_fill,visual_only,original+gamma_0.30+blur_1.5,0,0,7076743,0,1145,0.0,0.0,0,2.725097658640152e-07,7076743,0.0,0,3.114396151453029e-15,1145,0.0,0,2.771635370951137e-20,7076743,0.0,0,1.4453590541594896e-31,1145,0.0,0,5.379798295734872e-08,7076743,0.0,0,4.291160813865063e-15,1145,0.0,0,8.126900752358779e-08,7076743,0.0,0,6.074140180363421e-15,1145
HEM_PA107.nii.gz,all,3,context_fill,language_only,original+language,0,0,7076743,0,1145,0.0,0.0,0,1.9561294095638004e-07,7076743,0.0,0,1.9960139496145475e-16,1145,0.0,0,7.063434191083818e-20,7076743,0.0,0,9.604028192479951e-35,1145,0.0,0,2.8567741949814263e-08,7076743,0.0,0,1.2773168170833183e-16,1145,0.0,0,5.7135483899628525e-08,7076743,0.0,0,2.554634692957821e-16,1145
HEM_PA107.nii.gz,all,3,context_fill,visual_language,original+gamma_0.30+blur_1.5+language,0,0,7076743,0,1145,0.0,0.0,0,2.462662394009385e-07,7076743,0.0,0,2.4176302371734307e-15,1145,0.0,0,9.656833465779945e-20,7076743,0.0,0,1.2010735780939208e-31,1145,0.0,0,6.922607553860871e-08,7076743,0.0,0,3.907363409200561e-15,1145,0.0,0,9.330734940249386e-08,7076743,0.0,0,4.595426906980069e-15,1145
