case,order,step,confidence_uniform_left,confidence_uniform_right,confidence_uniform_dice_delta,confidence_uniform_foreground_iou_delta,confidence_uniform_precision_delta,confidence_uniform_recall_delta,confidence_uniform_dice_win,world_uniform_left,world_uniform_right,world_uniform_dice_delta,world_uniform_foreground_iou_delta,world_uniform_precision_delta,world_uniform_recall_delta,world_uniform_dice_win,joint_uniform_left,joint_uniform_right,joint_uniform_dice_delta,joint_uniform_foreground_iou_delta,joint_uniform_precision_delta,joint_uniform_recall_delta,joint_uniform_dice_win,joint_confidence_left,joint_confidence_right,joint_confidence_dice_delta,joint_confidence_foreground_iou_delta,joint_confidence_precision_delta,joint_confidence_recall_delta,joint_confidence_dice_win
CYST_PA37.nii.gz,forward,20,A0_confidence_rank,A_uniform_balanced,0.0005126862498217033,0.000814851923392701,0.002348274539114792,-0.002044811488987386,True,A1_world_pairwise,A_uniform_balanced,0.0008243399705780696,0.001310551481215172,0.00048554941690204245,0.001283951400061878,True,A2_joint_pairwise,A_uniform_balanced,-0.0003832855466335827,-0.0006086990847425922,-0.0012473940479883483,0.0008321907222622604,False,A2_joint_pairwise,A0_confidence_rank,-0.000895971796455286,-0.0014235510081352931,-0.00359566858710314,0.0028770022112496463,False
CYST_PA37.nii.gz,reverse,20,A0_confidence_rank,A_uniform_balanced,8.611582592887856e-05,0.00013657754729479166,0.0012576277030228455,-0.001553422681556338,True,A1_world_pairwise,A_uniform_balanced,0.0007005366181446204,0.0011116418130125982,-3.337410052572931e-05,0.0017198608260087234,True,A2_joint_pairwise,A_uniform_balanced,-0.0008460117857810312,-0.0013406406921117053,-0.0024875358126061897,0.0014820920482194744,False,A2_joint_pairwise,A0_confidence_rank,-0.0009321276117099098,-0.001477218239406497,-0.0037451635156290353,0.0030355147297758123,False
CYST_PA38.nii.gz,forward,20,A0_confidence_rank,A_uniform_balanced,-0.0001780268527552531,-0.00032904290077251375,0.00032055928946150836,-0.0006693809073924362,False,A1_world_pairwise,A_uniform_balanced,0.0003155959291289978,0.0005835855374634047,0.000343473848472331,0.0002880879854599838,True,A2_joint_pairwise,A_uniform_balanced,1.1459518554413073e-05,2.1184220751480076e-05,-0.0004703074325681511,0.0004872076224691213,True,A2_joint_pairwise,A0_confidence_rank,0.00018948637130966617,0.0003502271215239938,-0.0007908667220296595,0.0011565885298615575,True
CYST_PA38.nii.gz,reverse,20,A0_confidence_rank,A_uniform_balanced,-0.00020394089316733144,-0.0003769363740133702,4.885660827647076e-05,-0.00045331491829736503,False,A1_world_pairwise,A_uniform_balanced,0.00033713918605304816,0.0006234460824059429,0.00030527584042616684,0.00036858315786802986,True,A2_joint_pairwise,A_uniform_balanced,1.9142001619565363e-05,3.5387038371137436e-05,-0.0008013814178655654,0.0008303712522084172,True,A2_joint_pairwise,A0_confidence_rank,0.0002230828947868968,0.00041232341238450765,-0.0008502380261420361,0.0012836861705057823,True
CYST_PA53.nii.gz,forward,20,A0_confidence_rank,A_uniform_balanced,0.0001226246766763417,0.00022265544417765515,0.0006181424271964886,-0.0004397217003960785,True,A1_world_pairwise,A_uniform_balanced,0.0005277162817807213,0.0009585695050736698,0.000801431911230166,0.00021595799486895384,True,A2_joint_pairwise,A_uniform_balanced,-0.0002057419069634303,-0.00037345849038394885,-0.0003887348527672474,2.6019035526125833e-06,False,A2_joint_pairwise,A0_confidence_rank,-0.000328366583639772,-0.000596113934561604,-0.001006877279963736,0.0004423236039486911,False
CYST_PA53.nii.gz,reverse,20,A0_confidence_rank,A_uniform_balanced,-9.027865994815087e-05,-0.00016378512962267333,0.00012345182494655216,-0.00033304365473774133,False,A1_world_pairwise,A_uniform_balanced,0.0004952630376624523,0.0008990162413806679,0.0006484385537873782,0.0003200341369746784,True,A2_joint_pairwise,A_uniform_balanced,-0.00040881559745187257,-0.0007414554988024458,-0.0009635045441543921,0.00022376370552701363,False,A2_joint_pairwise,A0_confidence_rank,-0.0003185369375037217,-0.0005776703691797724,-0.0010869563691009443,0.000556807360264755,False
CYST_PA54.nii.gz,forward,20,A0_confidence_rank,A_uniform_balanced,4.2522867722216695e-05,7.683651470091757e-05,0.0005526956829284835,-0.0005237998820349921,True,A1_world_pairwise,A_uniform_balanced,0.00030631477072684543,0.0005536329894605396,0.000300327259864841,0.0003125192573486535,True,A2_joint_pairwise,A_uniform_balanced,-0.00024025886479206449,-0.00043401807138521153,-0.0009817487914461909,0.0005854233975685075,False,A2_joint_pairwise,A0_confidence_rank,-0.0002827817325142812,-0.0005108545860861291,-0.0015344444743746743,0.0011092232796034995,False
CYST_PA54.nii.gz,reverse,20,A0_confidence_rank,A_uniform_balanced,2.128310309768011e-06,3.8445149114219035e-06,0.00021790597601978323,-0.0002376907027721309,True,A1_world_pairwise,A_uniform_balanced,0.0003011392946464797,0.0005441234713314813,9.266404211860646e-05,0.0005326032413969228,True,A2_joint_pairwise,A_uniform_balanced,-0.00034939938303224505,-0.0006309336209278094,-0.001475747892218826,0.0009067460142790917,False,A2_joint_pairwise,A0_confidence_rank,-0.00035152769334201306,-0.0006347781358392313,-0.0016936538682386093,0.0011444367170512226,False
CYST_PA74.nii.gz,forward,20,A0_confidence_rank,A_uniform_balanced,0.0011345695402625866,0.0019681100094585124,0.0029853972880522495,-0.0011305260444477438,True,A1_world_pairwise,A_uniform_balanced,-0.000104277575084466,-0.00018067918815278805,-0.0005158191071695795,0.00040139198320787717,False,A2_joint_pairwise,A_uniform_balanced,7.278919469033696e-05,0.00012614083447415325,-0.00011139620590083776,0.0002982821159618343,True,A2_joint_pairwise,A0_confidence_rank,-0.0010617803455722497,-0.0018419691749843592,-0.0030967934939530872,0.0014288081604095781,False
CYST_PA74.nii.gz,reverse,20,A0_confidence_rank,A_uniform_balanced,0.0008943729705914727,0.0015504188702835098,0.0022671938920214574,-0.000791736480639238,True,A1_world_pairwise,A_uniform_balanced,-0.0004286582748513901,-0.0007421757482503066,-0.0013219624234306337,0.000673896632358062,False,A2_joint_pairwise,A_uniform_balanced,-0.00042176822261741354,-0.0007302510435532872,-0.0013512969754523318,0.0007254515659811389,False,A2_joint_pairwise,A0_confidence_rank,-0.0013161411932088862,-0.002280669913836797,-0.0036184908674737892,0.0015171880466203769,False
FNH_PA10.nii.gz,forward,20,A0_confidence_rank,A_uniform_balanced,0.0007003681750697988,0.0012269882604076798,0.0021005734397895326,-0.0009425773524910364,True,A1_world_pairwise,A_uniform_balanced,0.0006527640896336617,0.0011435387963489863,0.0009263255757818722,0.00032910664944574286,True,A2_joint_pairwise,A_uniform_balanced,0.00011003535226883354,0.00019266653128080513,0.00036585683206258324,-0.00019090174227665013,True,A2_joint_pairwise,A0_confidence_rank,-0.0005903328228009652,-0.0010343217291268747,-0.0017347166077269494,0.0007516756102143862,False
FNH_PA10.nii.gz,reverse,20,A0_confidence_rank,A_uniform_balanced,0.0004448171968975956,0.0007778877151922714,0.001481897686052891,-0.0007775268878144059,True,A1_world_pairwise,A_uniform_balanced,0.0005603252662722547,0.0009799918652221296,0.0005623923465045699,0.000555802468399258,True,A2_joint_pairwise,A_uniform_balanced,-0.00024860021181727365,-0.00043446547587788764,-0.0005265543281171015,8.053667252294616e-05,False,A2_joint_pairwise,A0_confidence_rank,-0.0006934174087148692,-0.001212353191070159,-0.0020084520141699924,0.0008580635603373521,False
FNH_PA32.nii.gz,forward,20,A0_confidence_rank,A_uniform_balanced,-0.0003126153505353946,-0.0005574467913714853,0.00018874235842536446,-0.0008232263375653748,False,A1_world_pairwise,A_uniform_balanced,0.0002585887515064167,0.000461356895764653,0.00016071427961283913,0.00035838732799176043,True,A2_joint_pairwise,A_uniform_balanced,-0.00029773654624287715,-0.0005309227891353574,-0.001134632518930423,0.000557097133610962,False,A2_joint_pairwise,A0_confidence_rank,1.4878804292517422e-05,2.652400223612794e-05,-0.0013233748773557874,0.0013803234711763368,True
FNH_PA32.nii.gz,reverse,20,A0_confidence_rank,A_uniform_balanced,-0.00032981942864551694,-0.0005879758311263528,-0.00016624858838809597,-0.0004967745140480595,False,A1_world_pairwise,A_uniform_balanced,0.0003236816095587569,0.0005773899998048337,0.00014380023547810872,0.0005074196822062449,True,A2_joint_pairwise,A_uniform_balanced,-0.00026500120543093697,-0.00047245196857959026,-0.0013870274403898764,0.0008835489571283883,False,A2_joint_pairwise,A0_confidence_rank,6.481822321457997e-05,0.0001155238625467625,-0.0012207788520017804,0.0013803234711764478,True
HCC_10081574_20140213.nii.gz,forward,20,A0_confidence_rank,A_uniform_balanced,0.00226927486284223,0.003490408299824499,0.004385632205454848,-0.0012434087821502349,True,A1_world_pairwise,A_uniform_balanced,0.000927491337896269,0.001424911051859823,0.0013503457744785674,0.00020339711559858031,True,A2_joint_pairwise,A_uniform_balanced,0.0006593586149066244,0.0010127388896942202,0.0011973465455364929,-0.0002417739298625765,True,A2_joint_pairwise,A0_confidence_rank,-0.0016099162479356055,-0.0024776694101302787,-0.003188285659918355,0.0010016348522876584,False
HCC_10081574_20140213.nii.gz,reverse,20,A0_confidence_rank,A_uniform_balanced,0.001704282847355576,0.0026141549834189926,0.0033008235095783878,-0.000967095719450084,True,A1_world_pairwise,A_uniform_balanced,0.0005880030355343013,0.000901041012811743,0.0005977770924301407,0.0005487884439737689,True,A2_joint_pairwise,A_uniform_balanced,-1.877408584560758e-05,-2.8753659650826435e-05,-0.0001630183131385854,0.0002187478413042676,False,A2_joint_pairwise,A0_confidence_rank,-0.0017230569332011836,-0.002642908643069819,-0.003463841822716973,0.0011858435607543516,False
HCC_10142924_20170911.nii.gz,forward,20,A0_confidence_rank,A_uniform_balanced,0.0008879006723403471,0.0013602991173827794,0.0035443190666916147,-0.002419012590182512,True,A1_world_pairwise,A_uniform_balanced,-1.899448447861829e-05,-2.9077216451400822e-05,-0.00037285648550189343,0.00042438817371615034,False,A2_joint_pairwise,A_uniform_balanced,0.0006193776954434016,0.0009486881993835405,0.0006059134454833304,0.0006318668364219127,True,A2_joint_pairwise,A0_confidence_rank,-0.0002685229768969455,-0.0004116109179992389,-0.0029384056212082843,0.003050879426604425,False
HCC_10142924_20170911.nii.gz,reverse,20,A0_confidence_rank,A_uniform_balanced,0.0008289742500792174,0.0012705198783045102,0.0024127016121442413,-0.0011599943414910552,True,A1_world_pairwise,A_uniform_balanced,-0.00026330999689605505,-0.0004031740346176482,-0.0013864713417635066,0.0011552789173385758,False,A2_joint_pairwise,A_uniform_balanced,0.0005760378189547666,0.00088266363719669,-0.0007870201032968982,0.002291696138067567,True,A2_joint_pairwise,A0_confidence_rank,-0.00025293643112445086,-0.00038785624110782013,-0.0031997217154411395,0.0034516904795586223,False
HCC_10147777_20171222.nii.gz,forward,20,A0_confidence_rank,A_uniform_balanced,0.0016123655320854358,0.002368140757958881,0.003727974991474592,-0.002049065289395413,True,A1_world_pairwise,A_uniform_balanced,-0.0002382127298984349,-0.00034931747617439335,-0.0004249508049323225,9.222798758523609e-05,False,A2_joint_pairwise,A_uniform_balanced,0.0002656335521481479,0.000389695747462504,0.0006561758864133127,-0.0004130209878820956,True,A2_joint_pairwise,A0_confidence_rank,-0.0013467319799372879,-0.001978445010496377,-0.003071799105061279,0.0016360443015133175,False
HCC_10147777_20171222.nii.gz,reverse,20,A0_confidence_rank,A_uniform_balanced,0.0012701044578140586,0.0018638967998003686,0.0028824035459786845,-0.00153579648892066,True,A1_world_pairwise,A_uniform_balanced,-0.0005680827897077689,-0.0008323584401793704,-0.0012030236063390598,0.0005493580130081499,False,A2_joint_pairwise,A_uniform_balanced,-0.00032365752809082604,-0.00047432423394599965,-0.0006529693841438311,0.0002566344002373766,False,A2_joint_pairwise,A0_confidence_rank,-0.0015937619859048846,-0.0023382210337463682,-0.0035353729301225156,0.0017924308891580365,False
HCC_PA0.nii.gz,forward,20,A0_confidence_rank,A_uniform_balanced,0.0018371947381068399,0.0028330608961393278,0.0033380913640863596,-0.0007070733015971387,True,A1_world_pairwise,A_uniform_balanced,0.0014350505017465265,0.002212149372443517,0.0022203548935729733,8.133840200008624e-05,True,A2_joint_pairwise,A_uniform_balanced,0.0006557511516900316,0.0010101575401475493,0.0012402508819577829,-0.0003360560293160786,True,A2_joint_pairwise,A0_confidence_rank,-0.0011814435864168082,-0.0018229033559917784,-0.0020978404821285768,0.0003710172722810601,False
HCC_PA0.nii.gz,reverse,20,A0_confidence_rank,A_uniform_balanced,0.001104415129656755,0.0016953924202319781,0.002108027941860824,-0.0006128919940180388,True,A1_world_pairwise,A_uniform_balanced,0.0012281209591901154,0.0018854982185368963,0.0018301778851752548,0.00017266573056162748,True,A2_joint_pairwise,A_uniform_balanced,-8.595161305402499e-05,-0.00013180716553695682,-4.764127987144651e-05,-0.0001462664246492107,False,A2_joint_pairwise,A0_confidence_rank,-0.00119036674271078,-0.001827199585768935,-0.0021556692217322704,0.00046662556936882815,False
HEM_PA24.nii.gz,forward,20,A0_confidence_rank,A_uniform_balanced,0.0005090427846693446,0.0008570448919064111,0.0024264629604764387,-0.0018475596538326533,True,A1_world_pairwise,A_uniform_balanced,0.0003864280906626938,0.0006505326629447916,-0.00021529833359501538,0.0011272114855513937,True,A2_joint_pairwise,A_uniform_balanced,0.0003360895594912705,0.0005657640908502959,-0.0001280765648434823,0.0009071051007987219,True,A2_joint_pairwise,A0_confidence_rank,-0.0001729532251780741,-0.0002912808010561152,-0.002554539525319921,0.002754664754631375,False
HEM_PA24.nii.gz,reverse,20,A0_confidence_rank,A_uniform_balanced,0.00041809593337061024,0.0007034659648513797,0.0018076611633156547,-0.0012972936919510847,True,A1_world_pairwise,A_uniform_balanced,0.0001527748883771718,0.00025698834453791175,-0.0009215117572412002,0.001484050624468547,True,A2_joint_pairwise,A_uniform_balanced,2.679111412950963e-05,4.506112678670515e-05,-0.0012580016351827483,0.0016207833786330283,True,A2_joint_pairwise,A0_confidence_rank,-0.0003913048192411006,-0.0006584048380646745,-0.003065662798498403,0.002918077070584113,False
HEM_PA34.nii.gz,forward,20,A0_confidence_rank,A_uniform_balanced,0.001072451765320781,0.0018542234763909704,0.00252854165533567,-0.000788035662927844,True,A1_world_pairwise,A_uniform_balanced,-2.4407956475847037e-05,-4.215730357781666e-05,-0.0003090435032451211,0.00033937302272069036,False,A2_joint_pairwise,A_uniform_balanced,-0.0002610300833653101,-0.00045075077324419066,-0.0006369267594181771,0.00022145527753802963,False,A2_joint_pairwise,A0_confidence_rank,-0.001333481848686091,-0.002304974249635161,-0.003165468414753847,0.0010094909404658736,False
HEM_PA34.nii.gz,reverse,20,A0_confidence_rank,A_uniform_balanced,0.0007528603931276079,0.001299813339320055,0.00173858190268672,-0.0005119355766465272,True,A1_world_pairwise,A_uniform_balanced,-0.00023294595407430396,-0.00040181299038999363,-0.0009110623025373465,0.0006384814495254965,False,A2_joint_pairwise,A_uniform_balanced,-0.0006954580036278024,-0.0011990939976870285,-0.0017458053546022256,0.0006586137474835496,False,A2_joint_pairwise,A0_confidence_rank,-0.0014483183967554103,-0.0024989073370070836,-0.0034843872572889456,0.0011705493241300768,False
HEM_PA56.nii.gz,forward,20,A0_confidence_rank,A_uniform_balanced,0.00017135293210523983,0.00032063882199628857,0.0008354540129819066,-0.000529789571757755,True,A1_world_pairwise,A_uniform_balanced,0.00010542751719799792,0.00019726536834629993,0.00010636738132019374,0.00010439203384393636,True,A2_joint_pairwise,A_uniform_balanced,0.00013662264654001888,0.0002556422712942652,0.00019916002229969365,7.046462284465704e-05,True,A2_joint_pairwise,A0_confidence_rank,-3.473028556522095e-05,-6.499655070202337e-05,-0.0006362939906822129,0.000600254194602412,False
HEM_PA56.nii.gz,reverse,20,A0_confidence_rank,A_uniform_balanced,0.00012479918521757227,0.00023349005830897163,0.0005812303254471018,-0.000357542715915371,True,A1_world_pairwise,A_uniform_balanced,7.569269216278762e-05,0.00014160871045909573,-5.999930219491301e-05,0.00021922327107215533,True,A2_joint_pairwise,A_uniform_balanced,9.446499237231176e-05,0.00017673183841948603,-9.747048529495927e-05,0.0002975172964551076,True,A2_joint_pairwise,A0_confidence_rank,-3.033419284526051e-05,-5.6758219889485595e-05,-0.0006787008107420611,0.0006550600123704786,False
HEM_PA66.nii.gz,forward,20,A0_confidence_rank,A_uniform_balanced,-3.5360364846193093e-06,-6.585559106264682e-06,0.00040677437418168427,-0.00043656461792118684,False,A1_world_pairwise,A_uniform_balanced,0.00011876526615295369,0.00022121604273139805,0.00012683018299963766,0.00011020077733936429,True,A2_joint_pairwise,A_uniform_balanced,6.696862200683551e-05,0.00012473169555005104,-0.0003628136735300824,0.0005213344466437064,True,A2_joint_pairwise,A0_confidence_rank,7.050465849145482e-05,0.00013131725465631572,-0.0007695880477117667,0.0009578990645648933,True
HEM_PA66.nii.gz,reverse,20,A0_confidence_rank,A_uniform_balanced,-1.1296820896067317e-05,-2.1041956222211944e-05,0.0001706609324906294,-0.00020344758893420245,False,A1_world_pairwise,A_uniform_balanced,5.8827622402057855e-05,0.00010958233661484407,-0.00011012183714753654,0.00023735552042314367,True,A2_joint_pairwise,A_uniform_balanced,-9.46093819798044e-06,-1.7622391460525577e-05,-0.0007274364184537419,0.0007502129841946426,False,A2_joint_pairwise,A0_confidence_rank,1.835882698086877e-06,3.4195647616863667e-06,-0.0008980973509443713,0.000953660573128845,True
ICC_PA18.nii.gz,forward,20,A0_confidence_rank,A_uniform_balanced,0.001100152123072351,0.0017306995335120146,0.0027139220889226268,-0.0012170389452462738,True,A1_world_pairwise,A_uniform_balanced,0.00113134151587313,0.001779814247745648,0.0018097282755695776,0.00014200454414536878,True,A2_joint_pairwise,A_uniform_balanced,-6.45659617845018e-05,-0.00010146679838884953,9.963427241699296e-05,-0.00029800953630521043,False,A2_joint_pairwise,A0_confidence_rank,-0.0011647180848568528,-0.001832166331900864,-0.002614287816505634,0.0009190294089410633,False
ICC_PA18.nii.gz,reverse,20,A0_confidence_rank,A_uniform_balanced,0.0004460659705659564,0.0006989829260424241,0.0013848852050462046,-0.0009140292489359103,True,A1_world_pairwise,A_uniform_balanced,0.0009659717617486185,0.0015143694907249206,0.0013222416462133069,0.0004330138564434538,True,A2_joint_pairwise,A_uniform_balanced,-0.0005940187259348972,-0.0009299677513068261,-0.0011280143182335056,0.00019000608019459353,False,A2_joint_pairwise,A0_confidence_rank,-0.0010400846965008537,-0.0016289506773492501,-0.0025128995232797102,0.0011040353291305038,False
MET_PA19.nii.gz,forward,20,A0_confidence_rank,A_uniform_balanced,0.0015346230612029998,0.002557832801903137,0.00426497962738448,-0.0017123652364299247,True,A1_world_pairwise,A_uniform_balanced,-6.623319816045914e-06,-1.1023896077766437e-05,-0.0006207699981998216,0.0007283941677350692,False,A2_joint_pairwise,A_uniform_balanced,-0.00020746379907965462,-0.0003452408269790652,-0.001332510006132881,0.0011415768242866164,False,A2_joint_pairwise,A0_confidence_rank,-0.0017420868602826545,-0.0029030736288822023,-0.005597489633517361,0.002853942060716541,False
MET_PA19.nii.gz,reverse,20,A0_confidence_rank,A_uniform_balanced,0.001085310535884787,0.0018054316656683778,0.0029822586230523473,-0.0011884325894625514,True,A1_world_pairwise,A_uniform_balanced,-0.0002986128762714202,-0.0004961208708215148,-0.001450020955872544,0.001090461444094748,False,A2_joint_pairwise,A_uniform_balanced,-0.000950373411611749,-0.001578030414918108,-0.0031851785435765834,0.001754961386589926,False,A2_joint_pairwise,A0_confidence_rank,-0.002035683947496536,-0.0033834620805864857,-0.006167437166628931,0.0029433939760524774,False
MET_PA25.nii.gz,forward,20,A0_confidence_rank,A_uniform_balanced,0.0017798667719161054,0.0027898512368252915,0.003542552973301527,-0.0010152284263960087,True,A1_world_pairwise,A_uniform_balanced,-0.00047509048837957035,-0.0007431955454192396,-0.0009654232632252402,0.0003077841835680273,False,A2_joint_pairwise,A_uniform_balanced,-0.000690108952562607,-0.001079348922921941,-0.0012516355949047098,0.00021131451409139856,False,A2_joint_pairwise,A0_confidence_rank,-0.0024699757244787124,-0.0038692001597472325,-0.004794188568206237,0.0012265429404874073,False
MET_PA25.nii.gz,reverse,20,A0_confidence_rank,A_uniform_balanced,0.0012392905095032214,0.0019395751229300817,0.002478425382657412,-0.0007350070055355262,True,A1_world_pairwise,A_uniform_balanced,-0.0008258356874878414,-0.001290131665347194,-0.0017050321434491922,0.000583411810643808,False,A2_joint_pairwise,A_uniform_balanced,-0.0014559711745246728,-0.0022732722761421575,-0.0027240057153281594,0.0005880056044283988,False,A2_joint_pairwise,A0_confidence_rank,-0.0026952616840278942,-0.004212847399072239,-0.0052024310979855715,0.001323012609963925,False
