variant,order,step,round,case,patch_index,reliability_source,pseudo_positive_voxels,pseudo_negative_voxels,positive_fraction,positive_weight_sum,positive_weight_mean,L_pos,negative_weight_sum,negative_weight_mean,L_neg,total_loss
A_uniform_balanced,forward,1,1,HEM_PA99.nii.gz,1,uniform_balanced,396034,6681854,0.05595369637012482,396034.0,1.0,0.05504289269447327,6681854.0,1.0,0.00295334798283875,0.0289981197565794
A_uniform_balanced,forward,2,1,HCC_10140276_20170721.nii.gz,1,uniform_balanced,182852,6895036,0.025834260508418083,182852.0,1.0,1.3475897312164307,6895036.0,1.0,0.005425387527793646,0.6765075325965881
A_uniform_balanced,forward,3,1,HEM_PA97.nii.gz,1,uniform_balanced,279622,6798266,0.03950641676783562,279622.0,1.0,0.04173363372683525,6798266.0,1.0,0.0210619755089283,0.031397804617881775
A_uniform_balanced,forward,4,1,CYST_PA69.nii.gz,1,uniform_balanced,435709,6642179,0.06155918166041374,435709.0,1.0,0.42829030752182007,6642179.0,1.0,0.022845424711704254,0.22556786239147186
A_uniform_balanced,forward,5,2,HEM_PA99.nii.gz,1,uniform_balanced,396034,6681854,0.05595369637012482,396034.0,1.0,0.05089957267045975,6681854.0,1.0,0.003201735205948353,0.027050653472542763
A_uniform_balanced,forward,6,2,HCC_10140276_20170721.nii.gz,1,uniform_balanced,182852,6895036,0.025834260508418083,182852.0,1.0,1.272491693496704,6895036.0,1.0,0.005894938949495554,0.6391932964324951
A_uniform_balanced,forward,7,2,HEM_PA97.nii.gz,1,uniform_balanced,279622,6798266,0.03950641676783562,279622.0,1.0,0.037572626024484634,6798266.0,1.0,0.023116115480661392,0.030344370752573013
A_uniform_balanced,forward,8,2,CYST_PA69.nii.gz,1,uniform_balanced,435709,6642179,0.06155918166041374,435709.0,1.0,0.3860749900341034,6642179.0,1.0,0.024025695398449898,0.20505034923553467
A_uniform_balanced,forward,9,3,HEM_PA99.nii.gz,1,uniform_balanced,396034,6681854,0.05595369637012482,396034.0,1.0,0.045168519020080566,6681854.0,1.0,0.003665945492684841,0.02441723272204399
A_uniform_balanced,forward,10,3,HCC_10140276_20170721.nii.gz,1,uniform_balanced,182852,6895036,0.025834260508418083,182852.0,1.0,1.1533629894256592,6895036.0,1.0,0.006734231021255255,0.5800486207008362
A_uniform_balanced,forward,11,3,HEM_PA97.nii.gz,1,uniform_balanced,279622,6798266,0.03950641676783562,279622.0,1.0,0.0320771262049675,6798266.0,1.0,0.026597199961543083,0.029337164014577866
A_uniform_balanced,forward,12,3,CYST_PA69.nii.gz,1,uniform_balanced,435709,6642179,0.06155918166041374,435709.0,1.0,0.32549071311950684,6642179.0,1.0,0.02595076896250248,0.17572073638439178
A_uniform_balanced,forward,13,4,HEM_PA99.nii.gz,1,uniform_balanced,396034,6681854,0.05595369637012482,396034.0,1.0,0.03809002414345741,6681854.0,1.0,0.004462667275220156,0.02127634547650814
A_uniform_balanced,forward,14,4,HCC_10140276_20170721.nii.gz,1,uniform_balanced,182852,6895036,0.025834260508418083,182852.0,1.0,0.9952996373176575,6895036.0,1.0,0.008114933967590332,0.5017073154449463
A_uniform_balanced,forward,15,4,HEM_PA97.nii.gz,1,uniform_balanced,279622,6798266,0.03950641676783562,279622.0,1.0,0.026005810126662254,6798266.0,1.0,0.03190642595291138,0.02895611897110939
A_uniform_balanced,forward,16,4,CYST_PA69.nii.gz,1,uniform_balanced,435709,6642179,0.06155918166041374,435709.0,1.0,0.25271427631378174,6642179.0,1.0,0.028870170935988426,0.14079222083091736
A_uniform_balanced,forward,17,5,HEM_PA99.nii.gz,1,uniform_balanced,396034,6681854,0.05595369637012482,396034.0,1.0,0.03061981126666069,6681854.0,1.0,0.005764670204371214,0.018192240968346596
A_uniform_balanced,forward,18,5,HCC_10140276_20170721.nii.gz,1,uniform_balanced,182852,6895036,0.025834260508418083,182852.0,1.0,0.8102424740791321,6895036.0,1.0,0.010193107649683952,0.4102177917957306
A_uniform_balanced,forward,19,5,HEM_PA97.nii.gz,1,uniform_balanced,279622,6798266,0.03950641676783562,279622.0,1.0,0.020297732204198837,6798266.0,1.0,0.03936893120408058,0.02983333170413971
A_uniform_balanced,forward,20,5,CYST_PA69.nii.gz,1,uniform_balanced,435709,6642179,0.06155918166041374,435709.0,1.0,0.1784599870443344,6642179.0,1.0,0.03314223140478134,0.10580110549926758
A_uniform_balanced,reverse,1,1,CYST_PA69.nii.gz,1,uniform_balanced,435709,6642179,0.06155918166041374,435709.0,1.0,0.44555842876434326,6642179.0,1.0,0.022343287244439125,0.23395085334777832
A_uniform_balanced,reverse,2,1,HEM_PA97.nii.gz,1,uniform_balanced,279622,6798266,0.03950641676783562,279622.0,1.0,0.042692311108112335,6798266.0,1.0,0.02072993293404579,0.03171112388372421
A_uniform_balanced,reverse,3,1,HCC_10140276_20170721.nii.gz,1,uniform_balanced,182852,6895036,0.025834260508418083,182852.0,1.0,1.33078134059906,6895036.0,1.0,0.005478367209434509,0.6681298613548279
A_uniform_balanced,reverse,4,1,HEM_PA99.nii.gz,1,uniform_balanced,396034,6681854,0.05595369637012482,396034.0,1.0,0.05245655030012131,6681854.0,1.0,0.0031329067423939705,0.02779472805559635
A_uniform_balanced,reverse,5,2,CYST_PA69.nii.gz,1,uniform_balanced,435709,6642179,0.06155918166041374,435709.0,1.0,0.41297370195388794,6642179.0,1.0,0.023157784715294838,0.21806573867797852
A_uniform_balanced,reverse,6,2,HEM_PA97.nii.gz,1,uniform_balanced,279622,6798266,0.03950641676783562,279622.0,1.0,0.03887967765331268,6798266.0,1.0,0.022618424147367477,0.03074905090034008
A_uniform_balanced,reverse,7,2,HCC_10140276_20170721.nii.gz,1,uniform_balanced,182852,6895036,0.025834260508418083,182852.0,1.0,1.2418713569641113,6895036.0,1.0,0.006004211958497763,0.6239377856254578
A_uniform_balanced,reverse,8,2,HEM_PA99.nii.gz,1,uniform_balanced,396034,6681854,0.05595369637012482,396034.0,1.0,0.04727724567055702,6681854.0,1.0,0.0035500340163707733,0.025413639843463898
A_uniform_balanced,reverse,9,3,CYST_PA69.nii.gz,1,uniform_balanced,435709,6642179,0.06155918166041374,435709.0,1.0,0.3618016839027405,6642179.0,1.0,0.024602089077234268,0.19320188462734222
A_uniform_balanced,reverse,10,3,HEM_PA97.nii.gz,1,uniform_balanced,279622,6798266,0.03950641676783562,279622.0,1.0,0.03362588584423065,6798266.0,1.0,0.025859633460640907,0.029742758721113205
A_uniform_balanced,reverse,11,3,HCC_10140276_20170721.nii.gz,1,uniform_balanced,182852,6895036,0.025834260508418083,182852.0,1.0,1.1067378520965576,6895036.0,1.0,0.006964607629925013,0.5568512082099915
A_uniform_balanced,reverse,12,3,HEM_PA99.nii.gz,1,uniform_balanced,396034,6681854,0.05595369637012482,396034.0,1.0,0.04038096219301224,6681854.0,1.0,0.004293469246476889,0.022337215021252632
A_uniform_balanced,reverse,13,4,CYST_PA69.nii.gz,1,uniform_balanced,435709,6642179,0.06155918166041374,435709.0,1.0,0.29352402687072754,6642179.0,1.0,0.0269200149923563,0.16022202372550964
A_uniform_balanced,reverse,14,4,HEM_PA97.nii.gz,1,uniform_balanced,279622,6798266,0.03950641676783562,279622.0,1.0,0.027575716376304626,6798266.0,1.0,0.030889609828591347,0.029232662171125412
A_uniform_balanced,reverse,15,4,HCC_10140276_20170721.nii.gz,1,uniform_balanced,182852,6895036,0.025834260508418083,182852.0,1.0,0.9340767860412598,6895036.0,1.0,0.0085233049467206,0.47130003571510315
A_uniform_balanced,reverse,16,4,HEM_PA99.nii.gz,1,uniform_balanced,396034,6681854,0.05595369637012482,396034.0,1.0,0.032779619097709656,6681854.0,1.0,0.005531334783881903,0.01915547624230385
A_uniform_balanced,reverse,17,5,CYST_PA69.nii.gz,1,uniform_balanced,435709,6642179,0.06155918166041374,435709.0,1.0,0.21742594242095947,6642179.0,1.0,0.030407629907131195,0.12391678988933563
A_uniform_balanced,reverse,18,5,HEM_PA97.nii.gz,1,uniform_balanced,279622,6798266,0.03950641676783562,279622.0,1.0,0.021723268553614616,6798266.0,1.0,0.038044366985559464,0.029883816838264465
A_uniform_balanced,reverse,19,5,HCC_10140276_20170721.nii.gz,1,uniform_balanced,182852,6895036,0.025834260508418083,182852.0,1.0,0.7404972910881042,6895036.0,1.0,0.010841729119420052,0.3756695091724396
A_uniform_balanced,reverse,20,5,HEM_PA99.nii.gz,1,uniform_balanced,396034,6681854,0.05595369637012482,396034.0,1.0,0.025715909898281097,6681854.0,1.0,0.007497340440750122,0.01660662516951561
A0_confidence_rank,forward,1,1,HEM_PA99.nii.gz,1,confidence_rank,396034,6681854,0.05595369637012482,19015.1640625,0.048013970255851746,0.009099648334085941,3519929.5,0.5267893075942993,8.14802260720171e-05,0.0045905644074082375
A0_confidence_rank,forward,2,1,HCC_10140276_20170721.nii.gz,1,confidence_rank,182852,6895036,0.025834260508418083,6166.638671875,0.03372475504875183,0.6298759579658508,3532778.0,0.5123654007911682,0.0002122761943610385,0.315044105052948
A0_confidence_rank,forward,3,1,HEM_PA97.nii.gz,1,confidence_rank,279622,6798266,0.03950641676783562,8243.6943359375,0.029481567442417145,0.018350938335061073,3530700.75,0.5193531513214111,0.0009865463944151998,0.009668742306530476
A0_confidence_rank,forward,4,1,CYST_PA69.nii.gz,1,confidence_rank,435709,6642179,0.06155918166041374,21223.4609375,0.0487101748585701,0.19738352298736572,3517721.0,0.5296034812927246,0.0009827999165281653,0.09918316453695297
A0_confidence_rank,forward,5,2,HEM_PA99.nii.gz,1,confidence_rank,396034,6681854,0.05595369637012482,19015.1640625,0.048013970255851746,0.00851872656494379,3519929.5,0.5267893075942993,8.754477312322706e-05,0.004303135443478823
A0_confidence_rank,forward,6,2,HCC_10140276_20170721.nii.gz,1,confidence_rank,182852,6895036,0.025834260508418083,6166.638671875,0.03372475504875183,0.5917147397994995,3532778.0,0.5123654007911682,0.0002294675214216113,0.2959721088409424
A0_confidence_rank,forward,7,2,HEM_PA97.nii.gz,1,confidence_rank,279622,6798266,0.03950641676783562,8243.6943359375,0.029481567442417145,0.016809456050395966,3530700.75,0.5193531513214111,0.0011068197200074792,0.008958137594163418
A0_confidence_rank,forward,8,2,CYST_PA69.nii.gz,1,confidence_rank,435709,6642179,0.06155918166041374,21223.4609375,0.0487101748585701,0.17538557946681976,3517721.0,0.5296034812927246,0.001053504878655076,0.0882195457816124
A0_confidence_rank,forward,9,3,HEM_PA99.nii.gz,1,confidence_rank,396034,6681854,0.05595369637012482,19015.1640625,0.048013970255851746,0.007773741614073515,3519929.5,0.5267893075942993,9.97591414488852e-05,0.00393675034865737
A0_confidence_rank,forward,10,3,HCC_10140276_20170721.nii.gz,1,confidence_rank,182852,6895036,0.025834260508418083,6166.638671875,0.03372475504875183,0.5324577689170837,3532778.0,0.5123654007911682,0.000260943517787382,0.2663593590259552
A0_confidence_rank,forward,11,3,HEM_PA97.nii.gz,1,confidence_rank,279622,6798266,0.03950641676783562,8243.6943359375,0.029481567442417145,0.014703411608934402,3530700.75,0.5193531513214111,0.0013224493013694882,0.008012930862605572
A0_confidence_rank,forward,12,3,CYST_PA69.nii.gz,1,confidence_rank,435709,6642179,0.06155918166041374,21223.4609375,0.0487101748585701,0.14441756904125214,3517721.0,0.5296034812927246,0.0011788869742304087,0.0727982297539711
A0_confidence_rank,forward,13,4,HEM_PA99.nii.gz,1,confidence_rank,396034,6681854,0.05595369637012482,19015.1640625,0.048013970255851746,0.00683249719440937,3519929.5,0.5267893075942993,0.00012203211372252554,0.0034772646613419056
A0_confidence_rank,forward,14,4,HCC_10140276_20170721.nii.gz,1,confidence_rank,182852,6895036,0.025834260508418083,6166.638671875,0.03372475504875183,0.4555110037326813,3532778.0,0.5123654007911682,0.00031376699917018414,0.22791238129138947
A0_confidence_rank,forward,15,4,HEM_PA97.nii.gz,1,confidence_rank,279622,6798266,0.03950641676783562,8243.6943359375,0.029481567442417145,0.012244032695889473,3530700.75,0.5193531513214111,0.0016752916853874922,0.006959662307053804
A0_confidence_rank,forward,16,4,CYST_PA69.nii.gz,1,confidence_rank,435709,6642179,0.06155918166041374,21223.4609375,0.0487101748585701,0.10831348598003387,3517721.0,0.5296034812927246,0.0013922880170866847,0.054852887988090515
A0_confidence_rank,forward,17,5,HEM_PA99.nii.gz,1,confidence_rank,396034,6681854,0.05595369637012482,19015.1640625,0.048013970255851746,0.005806649569422007,3519929.5,0.5267893075942993,0.0001619490358280018,0.002984299324452877
A0_confidence_rank,forward,18,5,HCC_10140276_20170721.nii.gz,1,confidence_rank,182852,6895036,0.025834260508418083,6166.638671875,0.03372475504875183,0.36784544587135315,3532778.0,0.5123654007911682,0.00039695441955700517,0.18412120640277863
A0_confidence_rank,forward,19,5,HEM_PA97.nii.gz,1,confidence_rank,279622,6798266,0.03950641676783562,8243.6943359375,0.029481567442417145,0.00978995393961668,3530700.75,0.5193531513214111,0.0022197715006768703,0.006004862487316132
A0_confidence_rank,forward,20,5,CYST_PA69.nii.gz,1,confidence_rank,435709,6642179,0.06155918166041374,21223.4609375,0.0487101748585701,0.07316583395004272,3517721.0,0.5296034812927246,0.0017532549099996686,0.03745954483747482
A0_confidence_rank,reverse,1,1,CYST_PA69.nii.gz,1,confidence_rank,435709,6642179,0.06155918166041374,21223.4609375,0.0487101748585701,0.20642031729221344,3517721.0,0.5296034812927246,0.0009548462694510818,0.103687584400177
A0_confidence_rank,reverse,2,1,HEM_PA97.nii.gz,1,confidence_rank,279622,6798266,0.03950641676783562,8243.6943359375,0.029481567442417145,0.018700167536735535,3530700.75,0.5193531513214111,0.0009707794524729252,0.009835473261773586
A0_confidence_rank,reverse,3,1,HCC_10140276_20170721.nii.gz,1,confidence_rank,182852,6895036,0.025834260508418083,6166.638671875,0.03372475504875183,0.6206750869750977,3532778.0,0.5123654007911682,0.00021448632469400764,0.31044477224349976
A0_confidence_rank,reverse,4,1,HEM_PA99.nii.gz,1,confidence_rank,396034,6681854,0.05595369637012482,19015.1640625,0.048013970255851746,0.008712361566722393,3519929.5,0.5267893075942993,8.695214637555182e-05,0.004399656783789396
A0_confidence_rank,reverse,5,2,CYST_PA69.nii.gz,1,confidence_rank,435709,6642179,0.06155918166041374,21223.4609375,0.0487101748585701,0.18829694390296936,3517721.0,0.5296034812927246,0.0010075106984004378,0.09465222805738449
A0_confidence_rank,reverse,6,2,HEM_PA97.nii.gz,1,confidence_rank,279622,6798266,0.03950641676783562,8243.6943359375,0.029481567442417145,0.01722099259495735,3530700.75,0.5193531513214111,0.0010889745317399502,0.009154983796179295
A0_confidence_rank,reverse,7,2,HCC_10140276_20170721.nii.gz,1,confidence_rank,182852,6895036,0.025834260508418083,6166.638671875,0.03372475504875183,0.5749106407165527,3532778.0,0.5123654007911682,0.0002352232695557177,0.2875729203224182
A0_confidence_rank,reverse,8,2,HEM_PA99.nii.gz,1,confidence_rank,396034,6681854,0.05595369637012482,19015.1640625,0.048013970255851746,0.008016137406229973,3519929.5,0.5267893075942993,9.917112765833735e-05,0.004057654179632664
A0_confidence_rank,reverse,9,3,CYST_PA69.nii.gz,1,confidence_rank,435709,6642179,0.06155918166041374,21223.4609375,0.0487101748585701,0.16103582084178925,3517721.0,0.5296034812927246,0.0011030974565073848,0.0810694620013237
A0_confidence_rank,reverse,10,3,HEM_PA97.nii.gz,1,confidence_rank,279622,6798266,0.03950641676783562,8243.6943359375,0.029481567442417145,0.01518047321587801,3530700.75,0.5193531513214111,0.0012983815977349877,0.008239427581429482
A0_confidence_rank,reverse,11,3,HCC_10140276_20170721.nii.gz,1,confidence_rank,182852,6895036,0.025834260508418083,6166.638671875,0.03372475504875183,0.5069345831871033,3532778.0,0.5123654007911682,0.000273381156148389,0.253603994846344
A0_confidence_rank,reverse,12,3,HEM_PA99.nii.gz,1,confidence_rank,396034,6681854,0.05595369637012482,19015.1640625,0.048013970255851746,0.007093204651027918,3519929.5,0.5267893075942993,0.00012177901953691617,0.0036074917297810316
A0_confidence_rank,reverse,13,4,CYST_PA69.nii.gz,1,confidence_rank,435709,6642179,0.06155918166041374,21223.4609375,0.0487101748585701,0.1260548084974289,3517721.0,0.5296034812927246,0.001270255190320313,0.06366252899169922
A0_confidence_rank,reverse,14,4,HEM_PA97.nii.gz,1,confidence_rank,279622,6798266,0.03950641676783562,8243.6943359375,0.029481567442417145,0.012734318152070045,3530700.75,0.5193531513214111,0.0016436505829915404,0.00718898419290781
A0_confidence_rank,reverse,15,4,HCC_10140276_20170721.nii.gz,1,confidence_rank,182852,6895036,0.025834260508418083,6166.638671875,0.03372475504875183,0.4226016104221344,3532778.0,0.5123654007911682,0.0003356522647663951,0.2114686369895935
A0_confidence_rank,reverse,16,4,HEM_PA99.nii.gz,1,confidence_rank,396034,6681854,0.05595369637012482,19015.1640625,0.048013970255851746,0.0060634613037109375,3519929.5,0.5267893075942993,0.0001624141586944461,0.0031129377894103527
A0_confidence_rank,reverse,17,5,CYST_PA69.nii.gz,1,confidence_rank,435709,6642179,0.06155918166041374,21223.4609375,0.0487101748585701,0.08907876163721085,3517721.0,0.5296034812927246,0.0015538058942183852,0.04531628265976906
A0_confidence_rank,reverse,18,5,HEM_PA97.nii.gz,1,confidence_rank,279622,6798266,0.03950641676783562,8243.6943359375,0.029481567442417145,0.010254444554448128,3530700.75,0.5193531513214111,0.0021779185626655817,0.006216181442141533
A0_confidence_rank,reverse,19,5,HCC_10140276_20170721.nii.gz,1,confidence_rank,182852,6895036,0.025834260508418083,6166.638671875,0.03372475504875183,0.3313799202442169,3532778.0,0.5123654007911682,0.0004330364754423499,0.16590647399425507
A0_confidence_rank,reverse,20,5,HEM_PA99.nii.gz,1,confidence_rank,396034,6681854,0.05595369637012482,19015.1640625,0.048013970255851746,0.005077393725514412,3519929.5,0.5267893075942993,0.00023547752061858773,0.0026564355939626694
A1_world_pairwise,forward,1,1,HEM_PA99.nii.gz,1,world_pairwise,396034,6681854,0.05595369637012482,52179.63671875,0.13175545632839203,0.014062408357858658,3486764.0,0.5218257904052734,0.00027633749414235353,0.007169372867792845
A1_world_pairwise,forward,2,1,HCC_10140276_20170721.nii.gz,1,world_pairwise,182852,6895036,0.025834260508418083,5860.322265625,0.03204954043030739,0.9265606999397278,3533083.0,0.5124096274375916,0.000530697638168931,0.46354570984840393
A1_world_pairwise,forward,3,1,HEM_PA97.nii.gz,1,world_pairwise,279622,6798266,0.03950641676783562,8906.7734375,0.03185290843248367,0.05071885883808136,3530036.75,0.5192554593086243,0.001369984238408506,0.026044420897960663
A1_world_pairwise,forward,4,1,CYST_PA69.nii.gz,1,world_pairwise,435709,6642179,0.06155918166041374,37118.8046875,0.08519173413515091,0.18092182278633118,3501824.75,0.5272102355957031,0.0018954155966639519,0.0914086177945137
A1_world_pairwise,forward,5,2,HEM_PA99.nii.gz,1,world_pairwise,396034,6681854,0.05595369637012482,52179.63671875,0.13175545632839203,0.01301031094044447,3486764.0,0.5218257904052734,0.00029840494971722364,0.0066543580032885075
A1_world_pairwise,forward,6,2,HCC_10140276_20170721.nii.gz,1,world_pairwise,182852,6895036,0.025834260508418083,5860.322265625,0.03204954043030739,0.8710588216781616,3533083.0,0.5124096274375916,0.0006198812043294311,0.43583935499191284
A1_world_pairwise,forward,7,2,HEM_PA97.nii.gz,1,world_pairwise,279622,6798266,0.03950641676783562,8906.7734375,0.03185290843248367,0.04507279396057129,3530036.75,0.5192554593086243,0.0015354036586359143,0.023304099217057228
A1_world_pairwise,forward,8,2,CYST_PA69.nii.gz,1,world_pairwise,435709,6642179,0.06155918166041374,37118.8046875,0.08519173413515091,0.16281254589557648,3501824.75,0.5272102355957031,0.002024359768256545,0.08241844922304153
A1_world_pairwise,forward,9,3,HEM_PA99.nii.gz,1,world_pairwise,396034,6681854,0.05595369637012482,52179.63671875,0.13175545632839203,0.011579436250030994,3486764.0,0.5218257904052734,0.0003395942330826074,0.005959515459835529
A1_world_pairwise,forward,10,3,HCC_10140276_20170721.nii.gz,1,world_pairwise,182852,6895036,0.025834260508418083,5860.322265625,0.03204954043030739,0.7862523794174194,3533083.0,0.5124096274375916,0.0007910738931968808,0.3935217261314392
A1_world_pairwise,forward,11,3,HEM_PA97.nii.gz,1,world_pairwise,279622,6798266,0.03950641676783562,8906.7734375,0.03185290843248367,0.03777702897787094,3530036.75,0.5192554593086243,0.0018226298270747066,0.01979982852935791
A1_world_pairwise,forward,12,3,CYST_PA69.nii.gz,1,world_pairwise,435709,6642179,0.06155918166041374,37118.8046875,0.08519173413515091,0.1378176063299179,3501824.75,0.5272102355957031,0.002235246589407325,0.07002642750740051
A1_world_pairwise,forward,13,4,HEM_PA99.nii.gz,1,world_pairwise,396034,6681854,0.05595369637012482,52179.63671875,0.13175545632839203,0.00982467457652092,3486764.0,0.5218257904052734,0.00040975710726343095,0.005117215681821108
A1_world_pairwise,forward,14,4,HCC_10140276_20170721.nii.gz,1,world_pairwise,182852,6895036,0.025834260508418083,5860.322265625,0.03204954043030739,0.6766789555549622,3533083.0,0.5124096274375916,0.001095955609343946,0.33888745307922363
A1_world_pairwise,forward,15,4,HEM_PA97.nii.gz,1,world_pairwise,279622,6798266,0.03950641676783562,8906.7734375,0.03185290843248367,0.02982579916715622,3530036.75,0.5192554593086243,0.0022893897257745266,0.016057593747973442
A1_world_pairwise,forward,16,4,CYST_PA69.nii.gz,1,world_pairwise,435709,6642179,0.06155918166041374,37118.8046875,0.08519173413515091,0.10854260623455048,3501824.75,0.5272102355957031,0.0025622020475566387,0.0555524043738842
A1_world_pairwise,forward,17,5,HEM_PA99.nii.gz,1,world_pairwise,396034,6681854,0.05595369637012482,52179.63671875,0.13175545632839203,0.007970189675688744,3486764.0,0.5218257904052734,0.0005249263485893607,0.004247557837516069
A1_world_pairwise,forward,18,5,HCC_10140276_20170721.nii.gz,1,world_pairwise,182852,6895036,0.025834260508418083,5860.322265625,0.03204954043030739,0.5514423847198486,3533083.0,0.5124096274375916,0.0015851414063945413,0.2765137553215027
A1_world_pairwise,forward,19,5,HEM_PA97.nii.gz,1,world_pairwise,279622,6798266,0.03950641676783562,8906.7734375,0.03185290843248367,0.022443808615207672,3530036.75,0.5192554593086243,0.003016806673258543,0.012730307877063751
A1_world_pairwise,forward,20,5,CYST_PA69.nii.gz,1,world_pairwise,435709,6642179,0.06155918166041374,37118.8046875,0.08519173413515091,0.07879652827978134,3501824.75,0.5272102355957031,0.003063921118155122,0.04093022644519806
A1_world_pairwise,reverse,1,1,CYST_PA69.nii.gz,1,world_pairwise,435709,6642179,0.06155918166041374,37118.8046875,0.08519173413515091,0.18858595192432404,3501824.75,0.5272102355957031,0.0018396521918475628,0.09521280229091644
A1_world_pairwise,reverse,2,1,HEM_PA97.nii.gz,1,world_pairwise,279622,6798266,0.03950641676783562,8906.7734375,0.03185290843248367,0.05197349935770035,3530036.75,0.5192554593086243,0.0013434489956125617,0.026658473536372185
A1_world_pairwise,reverse,3,1,HCC_10140276_20170721.nii.gz,1,world_pairwise,182852,6895036,0.025834260508418083,5860.322265625,0.03204954043030739,0.9129922389984131,3533083.0,0.5124096274375916,0.0005433762562461197,0.4567677974700928
A1_world_pairwise,reverse,4,1,HEM_PA99.nii.gz,1,world_pairwise,396034,6681854,0.05595369637012482,52179.63671875,0.13175545632839203,0.01334355678409338,3486764.0,0.5218257904052734,0.0002939632395282388,0.006818760186433792
A1_world_pairwise,reverse,5,2,CYST_PA69.nii.gz,1,world_pairwise,435709,6642179,0.06155918166041374,37118.8046875,0.08519173413515091,0.17402975261211395,3501824.75,0.5272102355957031,0.0019308232003822923,0.08798028528690338
A1_world_pairwise,reverse,6,2,HEM_PA97.nii.gz,1,world_pairwise,279622,6798266,0.03950641676783562,8906.7734375,0.03185290843248367,0.04660070687532425,3530036.75,0.5192554593086243,0.001497419085353613,0.024049062281847
A1_world_pairwise,reverse,7,2,HCC_10140276_20170721.nii.gz,1,world_pairwise,182852,6895036,0.025834260508418083,5860.322265625,0.03204954043030739,0.8484183549880981,3533083.0,0.5124096274375916,0.0006464745965786278,0.424532413482666
A1_world_pairwise,reverse,8,2,HEM_PA99.nii.gz,1,world_pairwise,396034,6681854,0.05595369637012482,52179.63671875,0.13175545632839203,0.012018869630992413,3486764.0,0.5218257904052734,0.0003328133898321539,0.006175841670483351
A1_world_pairwise,reverse,9,3,CYST_PA69.nii.gz,1,world_pairwise,435709,6642179,0.06155918166041374,37118.8046875,0.08519173413515091,0.15238715708255768,3501824.75,0.5272102355957031,0.0020907847210764885,0.07723896950483322
A1_world_pairwise,reverse,10,3,HEM_PA97.nii.gz,1,world_pairwise,279622,6798266,0.03950641676783562,8906.7734375,0.03185290843248367,0.03949015960097313,3530036.75,0.5192554593086243,0.0017667138017714024,0.020628437399864197
A1_world_pairwise,reverse,11,3,HCC_10140276_20170721.nii.gz,1,world_pairwise,182852,6895036,0.025834260508418083,5860.322265625,0.03204954043030739,0.7531757950782776,3533083.0,0.5124096274375916,0.0008477510418742895,0.377011775970459
A1_world_pairwise,reverse,12,3,HEM_PA99.nii.gz,1,world_pairwise,396034,6681854,0.05595369637012482,52179.63671875,0.13175545632839203,0.010294447652995586,3486764.0,0.5218257904052734,0.0004008641408290714,0.005347656086087227
A1_world_pairwise,reverse,13,4,CYST_PA69.nii.gz,1,world_pairwise,435709,6642179,0.06155918166041374,37118.8046875,0.08519173413515091,0.12453264743089676,3501824.75,0.5272102355957031,0.002350287977606058,0.06344147026538849
A1_world_pairwise,reverse,14,4,HEM_PA97.nii.gz,1,world_pairwise,279622,6798266,0.03950641676783562,8906.7734375,0.03185290843248367,0.031475864350795746,3530036.75,0.5192554593086243,0.002210679929703474,0.016843272373080254
A1_world_pairwise,reverse,15,4,HCC_10140276_20170721.nii.gz,1,world_pairwise,182852,6895036,0.025834260508418083,5860.322265625,0.03204954043030739,0.6344722509384155,3533083.0,0.5124096274375916,0.001201643026433885,0.3178369402885437
A1_world_pairwise,reverse,16,4,HEM_PA99.nii.gz,1,world_pairwise,396034,6681854,0.05595369637012482,52179.63671875,0.13175545632839203,0.008408271707594395,3486764.0,0.5218257904052734,0.0005136990803293884,0.0044609853066504
A1_world_pairwise,reverse,17,5,CYST_PA69.nii.gz,1,world_pairwise,435709,6642179,0.06155918166041374,37118.8046875,0.08519173413515091,0.0940818041563034,3501824.75,0.5272102355957031,0.0027511976659297943,0.04841650277376175
A1_world_pairwise,reverse,18,5,HEM_PA97.nii.gz,1,world_pairwise,279622,6798266,0.03950641676783562,8906.7734375,0.03185290843248367,0.02385159581899643,3530036.75,0.5192554593086243,0.00290933926589787,0.013380467891693115
A1_world_pairwise,reverse,19,5,HCC_10140276_20170721.nii.gz,1,world_pairwise,182852,6895036,0.025834260508418083,5860.322265625,0.03204954043030739,0.5046024918556213,3533083.0,0.5124096274375916,0.0017560409614816308,0.25317925214767456
A1_world_pairwise,reverse,20,5,HEM_PA99.nii.gz,1,world_pairwise,396034,6681854,0.05595369637012482,52179.63671875,0.13175545632839203,0.006649359129369259,3486764.0,0.5218257904052734,0.0006956075667403638,0.003672483377158642
A2_joint_pairwise,forward,1,1,HEM_PA99.nii.gz,1,joint_pairwise,396034,6681854,0.05595369637012482,3725.406982421875,0.009406786412000656,0.0025091110728681087,2001230.0,0.2995021939277649,4.064917084178887e-05,0.0012748801382258534
A2_joint_pairwise,forward,2,1,HCC_10140276_20170721.nii.gz,1,joint_pairwise,182852,6895036,0.025834260508418083,403.7917785644531,0.0022082985378801823,0.18415717780590057,2009938.25,0.2915051281452179,3.661803566501476e-05,0.09209689497947693
A2_joint_pairwise,forward,3,1,HEM_PA97.nii.gz,1,joint_pairwise,279622,6798266,0.03950641676783562,273.749755859375,0.0009789994219318032,0.018736090511083603,1923099.625,0.28288090229034424,8.37991465232335e-05,0.009409944526851177
A2_joint_pairwise,forward,4,1,CYST_PA69.nii.gz,1,joint_pairwise,435709,6642179,0.06155918166041374,2842.9482421875,0.006524878554046154,0.05887484550476074,1933226.75,0.29105308651924133,0.00018608386744745076,0.029530465602874756
A2_joint_pairwise,forward,5,2,HEM_PA99.nii.gz,1,joint_pairwise,396034,6681854,0.05595369637012482,3725.406982421875,0.009406786412000656,0.00234577851369977,2001230.0,0.2995021939277649,4.239675763528794e-05,0.001194087672047317
A2_joint_pairwise,forward,6,2,HCC_10140276_20170721.nii.gz,1,joint_pairwise,182852,6895036,0.025834260508418083,403.7917785644531,0.0022082985378801823,0.17057636380195618,2009938.25,0.2915051281452179,4.1451407014392316e-05,0.08530890941619873
A2_joint_pairwise,forward,7,2,HEM_PA97.nii.gz,1,joint_pairwise,279622,6798266,0.03950641676783562,273.749755859375,0.0009789994219318032,0.016826247796416283,1923099.625,0.28288090229034424,9.632617002353072e-05,0.00846128724515438
A2_joint_pairwise,forward,8,2,CYST_PA69.nii.gz,1,joint_pairwise,435709,6642179,0.06155918166041374,2842.9482421875,0.006524878554046154,0.0516086183488369,1933226.75,0.29105308651924133,0.00020300791948102415,0.02590581402182579
A2_joint_pairwise,forward,9,3,HEM_PA99.nii.gz,1,joint_pairwise,396034,6681854,0.05595369637012482,3725.406982421875,0.009406786412000656,0.0021263130474835634,2001230.0,0.2995021939277649,4.670463749789633e-05,0.0010865088552236557
A2_joint_pairwise,forward,10,3,HCC_10140276_20170721.nii.gz,1,joint_pairwise,182852,6895036,0.025834260508418083,403.7917785644531,0.0022082985378801823,0.15004853904247284,2009938.25,0.2915051281452179,5.115054955240339e-05,0.07504984736442566
A2_joint_pairwise,forward,11,3,HEM_PA97.nii.gz,1,joint_pairwise,279622,6798266,0.03950641676783562,273.749755859375,0.0009789994219318032,0.014234974049031734,1923099.625,0.28288090229034424,0.00012043569586239755,0.007177704945206642
A2_joint_pairwise,forward,12,3,CYST_PA69.nii.gz,1,joint_pairwise,435709,6642179,0.06155918166041374,2842.9482421875,0.006524878554046154,0.041681889444589615,1933226.75,0.29105308651924133,0.0002351839211769402,0.020958537235856056
A2_joint_pairwise,forward,13,4,HEM_PA99.nii.gz,1,joint_pairwise,396034,6681854,0.05595369637012482,3725.406982421875,0.009406786412000656,0.0018486499320715666,2001230.0,0.2995021939277649,5.448576484923251e-05,0.0009515678393654525
A2_joint_pairwise,forward,14,4,HCC_10140276_20170721.nii.gz,1,joint_pairwise,182852,6895036,0.025834260508418083,403.7917785644531,0.0022082985378801823,0.12461793422698975,2009938.25,0.2915051281452179,6.874646351207048e-05,0.06234334036707878
A2_joint_pairwise,forward,15,4,HEM_PA97.nii.gz,1,joint_pairwise,279622,6798266,0.03950641676783562,273.749755859375,0.0009789994219318032,0.01128880400210619,1923099.625,0.28288090229034424,0.00016390412929467857,0.005726354196667671
A2_joint_pairwise,forward,16,4,CYST_PA69.nii.gz,1,joint_pairwise,435709,6642179,0.06155918166041374,2842.9482421875,0.006524878554046154,0.03067772649228573,1933226.75,0.29105308651924133,0.00029263985925354064,0.015485183335840702
A2_joint_pairwise,forward,17,5,HEM_PA99.nii.gz,1,joint_pairwise,396034,6681854,0.05595369637012482,3725.406982421875,0.009406786412000656,0.0015498100547119975,2001230.0,0.2995021939277649,6.812159699620679e-05,0.0008089658222161233
A2_joint_pairwise,forward,18,5,HCC_10140276_20170721.nii.gz,1,joint_pairwise,182852,6895036,0.025834260508418083,403.7917785644531,0.0022082985378801823,0.09738340228796005,2009938.25,0.2915051281452179,9.79009855655022e-05,0.048740651458501816
A2_joint_pairwise,forward,19,5,HEM_PA97.nii.gz,1,joint_pairwise,279622,6798266,0.03950641676783562,273.749755859375,0.0009789994219318032,0.008485959842801094,1923099.625,0.28288090229034424,0.00024115679843816906,0.004363558255136013
A2_joint_pairwise,forward,20,5,CYST_PA69.nii.gz,1,joint_pairwise,435709,6642179,0.06155918166041374,2842.9482421875,0.006524878554046154,0.020461253821849823,1933226.75,0.29105308651924133,0.00039544381434097886,0.010428348556160927
A2_joint_pairwise,reverse,1,1,CYST_PA69.nii.gz,1,joint_pairwise,435709,6642179,0.06155918166041374,2842.9482421875,0.006524878554046154,0.061740562319755554,1933226.75,0.29105308651924133,0.0001809484529076144,0.030960755422711372
A2_joint_pairwise,reverse,2,1,HEM_PA97.nii.gz,1,joint_pairwise,279622,6798266,0.03950641676783562,273.749755859375,0.0009789994219318032,0.01912390999495983,1923099.625,0.28288090229034424,8.26381947263144e-05,0.009603274054825306
A2_joint_pairwise,reverse,3,1,HCC_10140276_20170721.nii.gz,1,joint_pairwise,182852,6895036,0.025834260508418083,403.7917785644531,0.0022082985378801823,0.18076002597808838,2009938.25,0.2915051281452179,3.759377796086483e-05,0.09039881080389023
A2_joint_pairwise,reverse,4,1,HEM_PA99.nii.gz,1,joint_pairwise,396034,6681854,0.05595369637012482,3725.406982421875,0.009406786412000656,0.002401382429525256,2001230.0,0.2995021939277649,4.275774699635804e-05,0.0012220700737088919
A2_joint_pairwise,reverse,5,2,CYST_PA69.nii.gz,1,joint_pairwise,435709,6642179,0.06155918166041374,2842.9482421875,0.006524878554046154,0.05584293603897095,1933226.75,0.29105308651924133,0.00019386516942176968,0.028018400073051453
A2_joint_pairwise,reverse,6,2,HEM_PA97.nii.gz,1,joint_pairwise,279622,6798266,0.03950641676783562,273.749755859375,0.0009789994219318032,0.017318788915872574,1923099.625,0.28288090229034424,9.490625961916521e-05,0.008706847205758095
A2_joint_pairwise,reverse,7,2,HCC_10140276_20170721.nii.gz,1,joint_pairwise,182852,6895036,0.025834260508418083,403.7917785644531,0.0022082985378801823,0.16474691033363342,2009938.25,0.2915051281452179,4.382098268251866e-05,0.08239536732435226
A2_joint_pairwise,reverse,8,2,HEM_PA99.nii.gz,1,joint_pairwise,396034,6681854,0.05595369637012482,3725.406982421875,0.009406786412000656,0.0022006535436958075,2001230.0,0.2995021939277649,4.741926386486739e-05,0.0011240363819524646
A2_joint_pairwise,reverse,9,3,CYST_PA69.nii.gz,1,joint_pairwise,435709,6642179,0.06155918166041374,2842.9482421875,0.006524878554046154,0.047052811831235886,1933226.75,0.29105308651924133,0.0002184463810408488,0.023635629564523697
A2_joint_pairwise,reverse,10,3,HEM_PA97.nii.gz,1,joint_pairwise,279622,6798266,0.03950641676783562,273.749755859375,0.0009789994219318032,0.0148139214143157,1923099.625,0.28288090229034424,0.00011835979239549488,0.007466140668839216
A2_joint_pairwise,reverse,11,3,HCC_10140276_20170721.nii.gz,1,joint_pairwise,182852,6895036,0.025834260508418083,403.7917785644531,0.0022082985378801823,0.14170387387275696,2009938.25,0.2915051281452179,5.6001750635914505e-05,0.07087993621826172
A2_joint_pairwise,reverse,12,3,HEM_PA99.nii.gz,1,joint_pairwise,396034,6681854,0.05595369637012482,3725.406982421875,0.009406786412000656,0.0019328102935105562,2001230.0,0.2995021939277649,5.583412348642014e-05,0.000994322239421308
A2_joint_pairwise,reverse,13,4,CYST_PA69.nii.gz,1,joint_pairwise,435709,6642179,0.06155918166041374,2842.9482421875,0.006524878554046154,0.036211054772138596,1933226.75,0.29105308651924133,0.0002634659758768976,0.018237261101603508
A2_joint_pairwise,reverse,14,4,HEM_PA97.nii.gz,1,joint_pairwise,279622,6798266,0.03950641676783562,273.749755859375,0.0009789994219318032,0.011882008984684944,1923099.625,0.28288090229034424,0.00016086398682091385,0.006021436303853989
A2_joint_pairwise,reverse,15,4,HCC_10140276_20170721.nii.gz,1,joint_pairwise,182852,6895036,0.025834260508418083,403.7917785644531,0.0022082985378801823,0.11461526155471802,2009938.25,0.2915051281452179,7.736719271633774e-05,0.05734631419181824
A2_joint_pairwise,reverse,16,4,HEM_PA99.nii.gz,1,joint_pairwise,396034,6681854,0.05595369637012482,3725.406982421875,0.009406786412000656,0.0016350368969142437,2001230.0,0.2995021939277649,7.039603951852769e-05,0.0008527164463885128
A2_joint_pairwise,reverse,17,5,CYST_PA69.nii.gz,1,joint_pairwise,435709,6642179,0.06155918166041374,2842.9482421875,0.006524878554046154,0.025263529270887375,1933226.75,0.29105308651924133,0.0003428711206652224,0.012803200632333755
A2_joint_pairwise,reverse,18,5,HEM_PA97.nii.gz,1,joint_pairwise,279622,6798266,0.03950641676783562,273.749755859375,0.0009789994219318032,0.00902562029659748,1923099.625,0.28288090229034424,0.0002366278786212206,0.004631123971194029
A2_joint_pairwise,reverse,19,5,HCC_10140276_20170721.nii.gz,1,joint_pairwise,182852,6895036,0.025834260508418083,403.7917785644531,0.0022082985378801823,0.08719057589769363,2009938.25,0.2915051281452179,0.00011184464528923854,0.04365121200680733
A2_joint_pairwise,reverse,20,5,HEM_PA99.nii.gz,1,joint_pairwise,396034,6681854,0.05595369637012482,3725.406982421875,0.009406786412000656,0.0013505949173122644,2001230.0,0.2995021939277649,9.514563134871423e-05,0.0007228702888824046
